-4,-216,307,-0.8215099436141373,-0.491880214552896,-0.9298149350175529,0.2386870818561321
161,431,163,-0.5966295260485013,-0.48692233030619203,-0.581004312799233,0.7311341998526832
-55,-189,-33,-0.8514512053690575,-0.6409752453204867,-0.6177143137159478,0.7661543489544649
131,-20,202,-0.8033446919899323,-0.3944769666424195,-0.462450916104719,0.8966422334723207
73,30,-231,-0.3491011292533075,0.4269581939450158,0.8330603347739409,0.7902831550372241
-124,495,161,0.6620615471533631,0.7560297070380384,-0.38927490965583766,0.6269829934415658
-73,-95,182,0.14791998708901444,-0.8698472878038679,0.3095116895187193,0.22483957589349976
65,158,-87,0.7829111694570041,-0.08971628581889846,0.1811311862060354,0.875579959131165
-493,-349,-16,0.8537077947311131,-0.2592602425973487,-0.4865409790867512,0.33353779681782775
-55,351,-98,0.01140488263171302,-0.3541849976970153,-0.9921125120996419,0.3653674955071789
-306,182,-136,-0.39936782738629417,0.7699263951095907,0.4580747879123306,0.8025372559641022
327,-339,70,0.5425465598174348,-0.4765572625312571,0.8909196304702296,0.1869493654565696
481,27,-391,0.44822209647839895,0.9192848642589966,-0.781862885150646,0.5575732031410965
-449,-342,20,-0.8895476076652375,-0.33187033929565457,0.02890523823195834,0.36529013175206415
270,97,-58,0.15872481796299676,0.5563658773592588,-0.6260363247906813,0.20346687024269758
468,38,-281,-0.18909459552937102,0.4807140600448545,0.007513722614590046,0.7234611297223144
-286,456,-6,-0.4085216803206697,-0.5633381693372197,0.85462565365951,0.9016565567098098
198,465,93,-0.06404594537276531,0.6049838370946901,-0.3631057963230784,0.6937982674512904
-354,327,223,0.4919740342785024,0.9361822373001121,-0.04391757191137846,0.10862535068881933
369,-223,-106,-0.23226826014911128,-0.5033183891360118,-0.6965949747606948,0.23731028902036683
189,272,370,0.36058630925933066,-0.10046798172234062,-0.5799442718799583,0.2387476026461074
-22,333,-171,0.25597722776687015,0.6522976548338673,0.7791153490974534,0.4945456502025669
-122,-356,338,-0.45043214484785965,0.3382790068666246,-0.6460166596081358,0.7531627283037304
-294,-439,137,0.866948969364215,0.5478220625723935,-0.41339917161402817,0.0540499976750124
-188,-250,-129,0.4823388839969165,-0.5726651534349945,0.733529849967175,0.9078104785344743
150,-422,-284,0.5631030283862162,0.7841281873010593,-0.16883710706287336,0.7868673039331305
-498,492,160,-0.037832624784273294,0.5286703599490825,0.9566022907398812,0.7639847559583934
337,-308,172,-0.2272621717966985,0.9030224740081718,-0.690820546623621,0.6612939565521903
494,-317,293,0.031061274266878103,-0.28761698471689856,-0.5070764779263688,0.6292371321809966
15,-254,-164,0.031147757750626948,0.7182639666483037,-0.07914333656101347,0.21523092260326135
272,159,143,0.8892438052061724,-0.6767832513271501,-0.03942532384563591,0.5822312081353165
247,-266,-208,0.9716085462840189,0.7412152202226259,-0.7074691108148734,0.967763961469727
45,-222,-254,-0.5901552796277352,-0.6540511200432173,-0.3543358287972387,0.03226586118962387
-234,-487,-268,-0.9912685862260309,0.5532234155049731,-0.08612176161253804,0.04538413820633634
-393,77,-244,0.5630848530637549,0.4921810480220852,-0.9326341056850245,0.7729839944122039
324,-214,-4,0.4159126872966672,-0.4408208601161736,0.31703206790870375,0.5006125767666398
105,-352,115,-0.6791074141156175,0.6449366747059906,-0.6570073488486909,0.32817480935044663
-463,38,59,0.7437397691223091,0.35702496618193735,-0.8517934614497873,0.25390850109776625
70,169,415,0.11562187118245171,-0.9843295485326848,0.19554007631580417,0.40364395358868216
391,-136,173,0.31880878155298653,0.16358832319406424,0.6283331286180811,0.6713661702796465
273,248,180,0.724084609416533,-0.3748263158923002,0.7153784919792641,0.01613412990945464
64,292,-338,-0.6997141691681006,0.9325151327275858,0.32400243639775983,0.8789810495869631
-454,-84,419,0.6055380369209893,0.23512763988384644,0.6046769933438016,0.9597824832142865
-204,-182,-218,0.8309129455605595,-0.9428975217398614,-0.3159105992420541,0.2590503537760693
92,397,218,0.02651632072094645,-0.8272167689170775,-0.949286166321293,0.47132387147513094
102,-176,-103,0.8783025462185703,-0.23915817774043613,0.5182514615730127,0.9692419226834719
-240,-267,392,-0.9783840147435845,-0.647351793796485,0.2228029341904907,0.1344535064932916
-141,-345,-319,0.25400238852077606,0.4843281287432615,-0.09849344707660079,0.9521516080933958
294,-438,-322,-0.4964575776637945,0.3957443565414991,-0.925651283520373,0.19003203598147075
-460,-91,-124,-0.09422999491131878,-0.5970081995134608,0.8969532349725633,0.38328160902985325
-46,137,213,-0.6379792052695359,0.5762123297327091,-0.9556178424882704,0.3673745321915271
260,-433,-126,-0.9092526145000215,-0.7146268609101414,0.6852063280778431,0.5593258444497565
438,112,484,0.16210660614515904,-0.793805368023808,0.17132662411994914,0.5341304899393664
-333,92,373,0.7982983527372867,-0.7814905022903131,0.23607097893340967,0.7028819663402291
330,422,409,-0.6326062729761419,0.03765837750599221,-0.000673250381264312,0.5500073506962775
270,311,369,0.9566683485199567,0.9063766173130698,0.481429672127623,0.46532873307310674
103,-194,165,-0.6326552448514629,-0.7999462821553829,-0.5716475401197469,0.41268035473008613
337,40,-8,-0.7680074949626166,-0.5865598539499206,-0.6661671668857194,0.16545104144209347
124,284,-338,0.2935118373036798,-0.9300914287658164,-0.9092478739467924,0.8751496042213953
-240,-178,-467,-0.8411801701504469,-0.3812650536683724,-0.6005879038135109,0.8978375513654774
-362,-491,-182,-0.4885166337490645,-0.5154785852593886,-0.3584947756622683,0.05612647053704506
87,178,-332,-0.926965888083302,0.2595331985415772,0.2813811161261419,0.28282781696461096
474,23,-326,0.1359309602386256,0.05037467454459765,0.24620328221299936,0.4527760366474149
247,174,493,-0.3710742086272283,0.8804416339871617,-0.2590383798710796,0.8333444316306683
221,207,247,-0.023936325042988926,0.6703203758743244,-0.9008921256121365,0.39657366649444553
357,-478,-89,-0.3597981410889035,-0.48519676880919316,0.8738097141420522,0.2608226239784053
354,21,303,-0.1625457209380079,0.2365110893418707,-0.08562481186112114,0.8198370481927559
-377,58,-430,-0.28269502765342813,-0.6723115676587987,0.42325669564885327,0.4793301239888334
-65,-458,305,0.43843449275969926,-0.7418319600201804,-0.7046705763212633,0.7003480803628908
-477,477,21,-0.1240463118377717,0.735676537800172,0.8502540446807965,0.292835272150536
-153,-213,136,-0.766184162978699,0.7395699437439427,-0.2788694545383519,0.03076054568672467
-280,-367,-279,-0.4397158206370433,-0.9581538902908726,-0.5445985000096423,0.8449998068201019
243,172,155,-0.4225519937841724,-0.5322101931016889,-0.839225318756968,0.5934141095706645
229,-236,312,-0.375302541106296,-0.37511016927570373,0.4325278999973281,0.6585048440238633
354,-146,-403,-0.6692763229290675,-0.09973519768250916,-0.5764276440838179,0.30313176571438205
447,-214,-219,-0.25676585011940944,0.49999758191606847,-0.4039304101222594,0.46964947128086293
389,269,329,0.13457173379743104,0.035441742522404285,0.6578716768819681,0.6900994536072279
54,355,-493,-0.20234266962894765,-0.3094279369915238,-0.16164207232632144,0.7562668893255022
165,-32,-361,-0.3592667452119833,0.6981488947751577,0.9113000492651937,0.3204819122084904
51,219,169,0.9451511955027065,0.7190875356971922,-0.8749313864423125,0.339528897922766
267,62,242,-0.47319269660146634,0.21888960371863897,0.5613133660224197,0.14573026756159832
-51,-83,366,0.0022844426479409208,0.07217652276860465,0.090749202198249,0.8690639770298098
-390,-193,-66,-0.5668218740624056,-0.30270271941066484,0.6205692887033649,0.28188724228117323
-445,-270,85,0.15076741740607336,-0.8509300214655995,-0.4851206545865727,0.28077435602453327
-166,310,301,0.2046659076326227,-0.3705591106908839,0.755214121980198,0.34392785482459587
-31,-471,-187,0.7919056582139394,-0.7042211032813606,0.2919009394288987,0.5516044617394806
-477,53,-486,-0.6704964340873656,-0.9458073620768097,0.45816507590595923,0.983764134168138
347,266,-114,-0.5588594023724971,0.626448923467255,-0.6842485780646028,0.6444119878876525
253,460,-72,-0.8657488147515813,0.5163870644543422,0.9840867056007525,0.5854994709052602
-273,454,221,0.41304048492078316,-0.05396005082357447,0.31106371068827854,0.4718425723200373
168,83,-290,-0.6406956537818407,0.42091146595485784,0.445679799548242,0.4926941581153976
103,-482,-474,-0.031631702436818676,-0.8778444212793346,-0.6971986944597297,0.14633085967944334
-433,391,466,-0.41647728328284006,0.46119296365026385,0.3271676934202894,0.8424837831209098
385,-291,-157,0.5957462960054807,0.8639991499721311,0.6202179600106463,0.2322060348538749
-221,-330,-3,-0.1786706375150504,0.5817188536049867,0.8386639456020135,0.3136754925992659
-186,-246,12,-0.24008796320972436,-0.6389031179143254,-0.9085253037827492,0.8698409880452358
218,-473,-116,0.49109499311868055,0.3697446746648734,-0.11700714833069159,0.5425355170892511
359,361,69,0.34331285996119654,0.5294695898088437,-0.9095346830917028,0.6949178222880293
-56,-261,493,-0.2759559873188031,0.2225986802572344,0.8975210536500338,0.01724644356498549
16,-380,-327,-0.3930427485567909,0.11300244959857708,-0.1979211132336316,0.38570478840013706
500,323,463,-0.5025041242591279,0.3503354930416509,-0.9264850760584609,0.6305353452864123
488,-376,53,-0.06447629623955953,0.7673806489481845,-0.7707750937645934,0.25595487279153034
-87,-453,219,-0.1507784855682257,0.06553225256381534,0.6394260518254617,0.9244849077616663
-108,-388,108,0.6296864900214223,0.2873381523893155,0.5562196550428331,0.8953914873763577
249,-294,-69,0.002441758573492825,0.06675291781219572,-0.6558273968570016,0.8406002815216358
-271,395,-104,0.906745561250835,0.6162782035332157,0.05003657258975491,0.16574220009664284
25,346,497,-0.777724950410839,-0.4534439792210696,0.7227680309072353,0.7157742102495361
170,-115,-467,0.6346153816280935,0.6407159430877838,0.8559991364094386,0.5288308280410196
129,148,-448,-0.9889768314300968,0.20272472944065778,0.7123694980096067,0.525440607357996
197,327,70,-0.5363621826158327,0.49691051638969386,-0.5222359071728591,0.39280728135587306
150,-193,266,0.18531519754157744,-0.06640861255442854,0.44036670601626615,0.17988159195416087
-152,-177,-127,0.8598621318839696,-0.5156580161233368,0.5235891284524541,0.7345675155993472
224,-229,197,-0.21331170920780362,0.8228289737783432,0.7569097422678646,0.7825606987654977
-263,-33,-47,0.7244089118467794,0.9086651816900673,-0.23758841001259356,0.9097118874969904
222,187,-451,0.48606924687310205,0.5855883845054779,-0.3644907949152161,0.21965159940475168
321,83,-255,-0.5889871466150844,0.002904822419564246,0.312753360692688,0.536978658499391
-312,-26,71,0.9141658327424855,0.479215304071847,0.378544724780399,0.12738166584950297
204,361,-316,0.45517985474665434,0.7715314421279174,0.8669550177758945,0.4671082144342595
447,-178,-375,0.33406943529002,-0.4789328047706787,0.5030812232987905,0.4663715670009357
470,-107,47,0.7993262533281535,-0.6489339160263539,0.0019501122143190663,0.16025124727725373
-12,-207,-108,-0.6129493494613407,0.9796957057750009,-0.03624313526165435,0.013623583250468967
-80,-361,41,0.6312418266008539,-0.786190533590394,-0.3519633302207119,0.8915122709209946
233,127,207,0.44832650376588723,-0.7726833656085252,0.4247373201021525,0.11641867635915386
-72,132,-475,-0.35031096171290055,-0.39702076511735407,0.14137976124362628,0.5698881562251739
-309,-451,-122,0.5055706555192254,0.8221026959015436,0.31242974993983386,0.5623947562605027
228,-364,-57,0.8443588762184393,0.5084862403584789,-0.7434583740525831,0.925746403206977
-172,377,101,0.9090629527068337,-0.5701157783577251,-0.596157968664057,0.8764472505976387
426,-18,-478,-0.8037624139542296,-0.4899999549959313,-0.5785871490700456,0.6554661807845089
9,-61,486,-0.9975974712713134,0.14433560273255197,0.4795841392067062,0.1593848130887629
379,434,348,-0.8909720729733042,-0.6001875209661711,0.5314679900719497,0.5346854714396205
-89,-70,-320,0.3374524356744504,-0.0775738994965749,-0.4169086854220332,0.16678397160456915
53,-495,249,-0.9575847819084622,-0.09895116544658955,0.9805028835323959,0.8038994297959723
-298,-74,-215,-0.8940407011654459,0.5975861249253407,0.8496272554415192,0.360416564189173
213,-92,-83,0.9055046586344129,0.36292104712562856,-0.04151329765980716,0.8882657663867911
-81,464,297,0.6054912898978209,-0.2019914029697798,-0.5409583118071801,0.11323333376850934
-488,-220,433,0.6806391571794816,0.08895503219531498,-0.620470617147117,0.9080858371200669
-428,131,415,0.4023098751096301,-0.7261261900290998,-0.22935147586984317,0.654404701778812
-469,-44,-162,0.33437110712157936,-0.6479596512497625,0.20877918768754467,0.7814816872795223
-20,-365,-381,-0.79760404501459,-0.7577266143923582,0.16155079634558667,0.5392162427938432
28,-395,-147,0.07368177269574905,0.4634377741421045,-0.7967053211773476,0.21088379182452022
404,231,200,0.35907630671397794,0.850324347211248,0.67558501021513,0.11258340176803687
-136,-420,17,-0.31447424830227,-0.3326034971569005,0.8556553304853394,0.5867420725779713
208,363,-254,-0.9147906342963146,0.9005788611076433,-0.31158169870198615,0.6267269338038759
-180,-308,390,-0.025841132719568005,0.8107617469053192,0.8968239047635453,0.6924901518501038
-382,346,-205,0.15431094413176272,-0.9647122549227753,0.07659410443266279,0.4641146852295159
-212,-326,-213,0.18331996013238405,-0.042921363138499036,0.5473433817152549,0.58493384376548
-472,145,354,-0.4435738121618358,-0.638961892146771,0.7774726275700996,0.14486429963813305
-270,-205,146,-0.024080623910675447,0.496862809663438,0.911653914702435,0.9573300389331023
198,-422,492,0.04989174011257003,0.5739929109523425,0.7634081893564504,0.7040376984578118
100,-58,-265,-0.16481983507606524,0.23716301352157654,-0.7377548355674453,0.6250111652178403
-17,206,-451,0.29393487423491615,-0.38551107245927785,0.023589507157154355,0.7300365698589856
-181,206,-482,0.7043937917868972,0.9798879724712428,0.7126630507690803,0.2288850803763081
367,-112,344,0.6994141175035737,0.21722960801530444,0.7187378408388523,0.034729683280184664
-281,16,40,-0.6772830314239429,0.954124719918896,-0.24325544937427512,0.35226245001233664
371,-350,-454,0.8801939595014399,0.8727338852460276,-0.26847817688638,0.5913746113834029
419,250,-389,-0.10846971822977469,0.2628876766059036,-0.544757409511798,0.11324165215067662
468,-369,-405,-0.3337531047427591,0.721653568963025,-0.8223121629835002,0.3591584471065724
308,421,-164,0.12813695878295372,0.7809886634193444,-0.8705970465934811,0.24256108586492667
455,445,-98,-0.3344848378318648,0.7979601949211854,0.4670287844571632,0.746986510331127
-139,-139,-149,-0.3190987193393844,0.4212984341492023,0.5815294290922275,0.7510040148373491
361,464,339,-0.8762426686256288,-0.5051438326241928,0.2954600720773217,0.282032587164352
-353,446,11,-0.2415870417852346,0.7090719207404248,0.17966989159738245,0.8711203467242833
-320,123,-249,0.12459238245556192,-0.2544157395405231,-0.387989225159477,0.3064539947891732
-127,-189,107,-0.21317390452397844,0.6351616659111092,-0.5623088530251823,0.31304728279531785
-482,-298,344,0.7425291127798355,-0.7986765318002909,-0.3560479151540643,0.6689785115828767
-71,-155,308,-0.029418254453698278,0.594841327930808,0.461134879091472,0.7916124212326863
-73,81,479,-0.9493515971642328,0.27309333313428485,-0.9611775998316354,0.027061118707568152
347,251,-436,-0.5181169981700438,-0.05296308920411463,-0.6700417424288909,0.79170949239136
-453,-169,260,-0.8816822560475077,0.5873984278584654,0.618004512093026,0.24348584368523235
-46,110,-283,-0.8041775515432819,0.5267960215105052,-0.4197173936209675,0.3145390250941494
366,-156,-399,0.7413392719801268,0.39490701120902383,0.7619688264342126,0.6698215602908838
150,-365,-201,-0.07594756168662609,0.26263540206080704,-0.5307569875462692,0.02772555119640152
382,407,-363,0.2942823583791201,0.9108430063728192,0.3756342310135974,0.17784034680978356
-88,-488,61,-0.1346622256765826,0.8861553473556831,0.6441247601149636,0.46967004231431136
409,-480,278,-0.3011496720418778,-0.43242795850460336,0.08777644289148578,0.8203636378328875
-326,-163,289,0.411601230319693,0.7584408593344267,0.3157628478504202,0.7504401423843945
296,336,-323,-0.37175419996179637,-0.4113422074576387,-0.5279806839636885,0.1391069679634244
-168,394,-25,-0.2502592083079276,0.2672060513074517,-0.5804166717811821,0.13349050322717737
-15,442,208,0.7882134885110412,0.7259343764471802,-0.7570927296542433,0.7230886810181614
-49,-186,-29,0.04495585803994828,-0.6797229610983695,-0.7156339371847156,0.15191217024861398
222,451,-405,0.4569589555879172,0.8178970298321608,-0.7846658141654452,0.5185029974559574
247,177,188,-0.5661645448523522,0.8099603671383888,0.31519379406335024,0.9258220988390079
169,311,-364,0.8071666239546369,0.32516757738622837,0.6631428149114145,0.7261619850959651
-83,424,254,0.9388743615486732,0.2874157813478211,0.34357434378494767,0.03566400513272597
-273,-55,-408,0.34259711751067434,0.7663583730662791,0.25991586791856736,0.4996633158120542
233,-238,-74,-0.3585635410147081,-0.582539015222258,0.5753585670788728,0.5476407184844276
69,58,-135,-0.824877276803849,-0.0727252080225731,0.48713280137396864,0.47177168876720343
-63,54,170,0.5681616670446383,0.9538202133899711,-0.29957985023498446,0.17269604550945455
-500,143,-401,-0.5551516692649139,-0.20285358259935338,-0.4524052506158931,0.02012622605720045
-142,-79,329,-0.5275651813893909,-0.23681824550105746,-0.02198176773117444,0.9185695049113426
-134,298,-389,-0.6011677057683114,-0.21677328267900497,0.3004934079373667,0.665163097350835
-425,-165,66,-0.9971595390117747,0.08000982716500427,0.5075063165173281,0.1241729172551691
-98,146,488,-0.1968470151896129,-0.2294814349678853,0.44819799966585827,0.21492339236830998
-213,438,294,0.21882986702607754,-0.632653054724134,-0.6480949943404497,0.07298620950552594
444,300,446,-0.5883546447825083,-0.7168683896657135,0.6196995416221032,0.8830485464889184
27,-109,-187,0.16226618271418558,-0.09718153174960009,-0.8530229388078163,0.1726592312161518
400,-454,-94,0.67875329506018,-0.6115313076044051,0.11115851185987169,0.22401005200614674
443,-344,-220,-0.1729232913235106,0.8690575698529215,0.3411959772003057,0.9967614573486118
204,-148,245,0.28766606199680744,-0.219134138737058,-0.5237557037123717,0.6792600844134006
209,-172,138,-0.3396792915573654,-0.6410772343047817,0.9867208506585414,0.2950978422305593
474,-425,-343,-0.9699000860825411,0.01883611419291409,-0.8735268807230936,0.4392203614586955
37,144,-115,-0.5160033377516218,-0.5747389329426673,0.19364114756858086,0.31276888177311496
-223,-352,44,-0.02880738624097079,0.13825981549032562,0.8620111387889122,0.7628785634571325
431,-94,19,0.9112128860999618,-0.08212927202880782,0.2649210684029828,0.050825259780270644
-472,-63,10,-0.7467542336102075,0.532471044549645,-0.49205813763633666,0.9667969986705776
118,17,6,-0.12612103389109874,-0.1492631160172777,0.4149212510440654,0.7929972854121939
-359,-393,368,-0.5770738588352053,0.6876496036234372,0.11324115314366345,0.8121212196968874
-334,-169,-54,-0.48268718539042,-0.7047005509446131,-0.8070169287302893,0.84324014802874
71,248,-94,-0.21527104194811053,0.07026800203084238,-0.33570371062911497,0.8658631600752668
-35,-335,455,-0.26536734906521553,0.8205142102513416,-0.35630780289918196,0.07782601631910122
383,323,15,0.28874608134507995,0.7136495227630462,-0.010825586256667519,0.011287585215879026
-28,399,309,0.9474099264790468,0.8392644366189583,0.7595197614203173,0.18786948321337965
230,226,397,0.33054582044396685,0.6222375513713205,0.6694576325014825,0.6494094033677887
-466,-416,-166,-0.40616346152527827,-0.2048678797221346,-0.2727131890048631,0.48604869008015206
-386,-137,-172,0.9191671965967534,-0.6256249763924164,-0.3031890384324609,0.7703888034284231
404,-472,-164,0.4340601323194646,0.6870784751569545,-0.17468337363214426,0.3102326477994003
70,-78,-133,-0.29541395698839334,0.23382940490863402,-0.6729095428518135,0.059319921776216325
111,-428,-278,-0.518911137490984,0.8906014359547785,-0.16562885449243492,0.36982353342120705
-25,-110,-187,-0.3183272074205392,-0.5694956059632779,0.9588297645431394,0.5438994686374073
-481,-101,5,-0.33976161680238026,0.4759753999717127,0.8914043767140047,0.9888626656988623
-283,-497,133,0.9995647267906214,-0.03309328847651627,-0.9812327192790178,0.992900381235404
-120,459,37,0.9277957197396454,0.2971922555146229,0.9499660324889994,0.14703973533606066
-230,-473,-365,0.20343423589361764,-0.9983981609388761,-0.2113380364531814,0.1959783599178173
-335,343,445,-0.7993044355088224,0.542965509932718,0.38844252925676015,0.5689797470001887
-485,-201,-479,-0.048299713195794736,0.6663813787664465,-0.5812989490545473,0.8819283896430998
-284,-338,98,-0.9709166136670433,-0.8239384660064724,0.4203903977276333,0.6016921781814337
429,-175,-270,-0.15556995980694133,0.9023294426376416,-0.9619085926099158,0.3814682598468786
-133,-54,257,0.8550316267457663,0.8352442356488134,-0.34588488552674,0.4748037657510044
-392,-491,-288,0.6408872776388164,-0.7161807658302128,0.2758955842598749,0.4378807735663663
9,34,165,0.812822823749819,0.6115343061581859,0.9159907697491578,0.9464041747691773
-264,318,-41,0.5637644300300912,0.76231444285802,-0.07013348176579326,0.36451461792678114
401,187,260,0.47263694390870015,0.7255481400014951,-0.854084863794381,0.6856936455678875
411,129,186,0.48930462192892854,-0.7205376775297734,-0.17177419058343846,0.3874672587697339
305,26,34,0.28289117911136885,0.8626079021414923,0.7836469622931648,0.6921050143382423
-444,443,401,0.7359289593058698,0.11589650612602553,0.22220021778896326,0.3616025636340673
423,-487,350,-0.8996760225717471,0.4652317738280609,0.8498346347721222,0.16661143957810282
-427,283,122,0.13893537655224963,-0.2160342163418596,0.2674819831512876,0.02429302213665431
-264,-195,-208,0.7273416803494082,0.28870574517166103,-0.6553050265186249,0.9889686619753708
-419,-231,-270,-0.7994862671616443,0.3806070855601207,-0.5289305942102669,0.7346609310582833
-454,-325,76,0.7769690913828311,-0.6127711134834815,-0.24726663722066644,0.6415122853524822
49,-41,378,0.4466883442359002,-0.8471618451165088,0.9839747072046112,0.18753542369878182
162,-348,496,0.7523162214758701,0.023742966698099055,0.4018586816837779,0.9288877653292311
-362,-364,-49,-0.9218848391168937,0.5011670931240269,-0.35747174031120266,0.13734811286468984
-58,-301,-270,-0.1560892509577556,-0.37564139741685887,0.75469331723375,0.36720264067279373
-426,-8,321,-0.3305125241802165,0.13706774922257403,-0.016055914354433876,0.26740598404787647
448,369,-257,0.5118029309785035,0.29390388277144974,0.310866738800158,0.6891753683597927
53,263,-448,0.3559031861336497,-0.613830429478033,0.8530633404445882,0.8325301448503222
-343,101,-230,0.31118331143317746,0.5421930130747938,-0.8435762291616202,0.7044378462242833
70,-340,272,0.560464128910265,-0.09215206648056662,0.474610439671759,0.036532767027330985
37,407,-359,-0.46366420938154795,-0.18883428628772148,-0.08639141811410922,0.7594972360590304
-116,-230,-2,0.8346218990038574,-0.7011879354382538,-0.09347540353923467,0.787924034105641
-238,-42,-460,-0.6717617796622113,-0.585462594607904,0.7457243507290201,0.7692750318588454
484,106,-243,0.9528831699097016,-0.5327187169016345,0.5580058573297177,0.982675489358639
450,80,-32,-0.7281141474610411,0.21129806603554835,-0.5064202153572122,0.7429471411143291
12,-3,-344,0.4512856952408193,0.35981750947791746,0.7640253002613955,0.8181506464249894
95,440,-500,-0.22674799119608702,-0.8389628473791837,-0.11093058993297089,0.8806174331926511
-321,-277,97,0.1789392779140786,-0.9173678334832849,0.11389039067757789,0.3371893732466444
-70,-121,169,0.13719833293204542,0.8006570216828592,-0.7277662582614401,0.19499887618612308
-455,133,446,0.27021889223602136,0.6017648272508067,0.5789862355866644,0.8472445965850087
-480,492,-489,-0.414716567124336,0.8687687746874633,-0.5650496875776527,0.03921273116229114
46,189,-110,0.11878539880213035,0.1540068640011394,0.904389262595557,0.42500380221654654
89,85,-441,-0.16149320652520105,-0.5458050203866782,-0.32305864180562316,0.47912228145839536
-256,-263,-346,0.16005930100079002,-0.4937637219212103,-0.30183201330584297,0.6748079140178935
-339,-231,299,0.5287204468270434,0.5847633569803807,-0.9810439714587786,0.1703884078361372
-65,-244,12,0.18199631625753687,-0.5478592146504278,-0.4873718668386262,0.15337525136069835
284,471,-311,0.09673741104815137,-0.9570850441110368,-0.37539816657710956,0.8385113940535791
88,-463,434,-0.6056801078307408,-0.688166794980748,0.5897234132140075,0.4203443156839093
139,295,446,-0.27697190619258416,0.5918539210649651,-0.5287918958427755,0.3868865279466329
-437,-475,112,0.3644835829753883,0.3395900067159592,0.1841073197123595,0.19514131216350122
-62,-173,240,0.9085889339063906,-0.3742654435361217,0.5097274834225076,0.16999908368159594
345,98,173,-0.415142621897159,-0.4433484610350815,0.12637506122707287,0.14339479653888687
-454,-23,47,-0.8557204879598281,-0.9260943828323009,-0.9207461576323477,0.5009726105952981
-316,184,-233,-0.7175253621551527,-0.19745217344216637,-0.6935595630177547,0.8124160769700777
-150,-278,-403,-0.3505435367597063,-0.6907773061413047,-0.41715919685418945,0.8520090230989895
-313,-61,-495,0.3169568320374052,-0.3513053207445702,-0.992061590459719,0.815927214156844
-279,-107,24,0.13547953954275105,-0.760401929883926,0.7549671747221005,0.2155596843842439
-179,-214,-178,0.3972114646521563,0.6431192078899608,0.957138034637866,0.9430212050861583
-189,351,-313,0.19319135760469264,-0.09842935023332977,-0.5651361340177319,0.7487211717181732
78,301,-429,-0.19850404169142455,0.5445426630692205,0.5270061395446852,0.085074724308581
-419,-226,-378,0.3314765705204126,-0.5308912335504312,0.5184623954328109,0.5574322160275259
349,87,218,-0.8039916692920162,0.9374216600087601,-0.07952339658157914,0.5491606784941988
-219,301,41,-0.4475398933281496,-0.6474772384329088,-0.035126317747492974,0.05433871065775979
96,42,-385,0.3162015596767547,-0.8789728778109112,0.2811433291013905,0.06742483528336733
274,84,-82,0.0506472229154451,-0.8914209654971437,-0.38996362495580295,0.7484205848995001
-341,-9,-493,0.025293234721631475,0.22212662347169942,-0.07434085572535842,0.2149987879457893
242,-75,-267,-0.9347771937297622,-0.2295880958192562,-0.14748236388871439,0.2535802245211321
-88,331,-135,-0.7890663389914157,-0.5840909543000561,-0.24820361078137188,0.11684366351155344
381,-274,-6,-0.24822399047840582,-0.46488700737419264,0.7849349216282699,0.699373836317081
386,-385,-44,0.4730307606032891,0.4106856743355085,-0.3393847602893749,0.6853159343670335
-62,-59,-326,0.7298085734239865,-0.698257345204335,-0.8246700779637042,0.01574338168236133
346,126,-406,-0.9385463529674802,-0.9249886990080847,0.2914715333936484,0.5596327376294874
424,-150,169,0.9014164588187128,-0.9451965495033876,0.06466864293714303,0.5254148455013806
-461,445,-417,0.3324018018497539,0.13477046413409166,0.5805730740623862,0.3355020777424363
-123,66,211,0.9772634343679765,-0.34575906398071843,0.6905405427538729,0.9643740029174832
262,490,-190,-0.003980718727225163,0.9872246392049899,-0.8676198758837814,0.4151019518378501
179,301,265,0.9575096315255363,-0.38926370494348195,-0.6542010499863722,0.28907499653463964
-11,-290,38,0.5234639346009093,0.2362297276569978,0.7715813699630931,0.3648342326994959
30,153,197,0.4600576772331588,-0.7279000733099481,0.9981413760671429,0.21035013236385008
-442,-65,-246,-0.37133153239535743,-0.06791774846851473,-0.181200805124216,0.7266928576494656
-372,162,328,0.387821874179165,-0.4089083002033178,-0.5149338536665782,0.3863873102565715
393,-361,-172,-0.7146009755048277,-0.39446258369471243,0.2568288930172369,0.36168315089775244
-44,-444,-493,0.7745563140231948,-0.8733671076083382,0.20245825155141417,0.2639031728023329
361,-348,469,-0.6555821523597523,0.9998923594773348,0.48652991352656727,0.6684764651603824
432,-310,-104,-0.23182237644063375,0.40836699152626466,0.4170903737950602,0.3069363839960513
-402,161,169,-0.21594557014874693,-0.15205690611189882,0.7854656803002782,0.039948993564751935
254,-134,-449,0.9894190007565902,-0.5855287605780994,0.6296824319868304,0.8146431433409682
199,-431,285,0.8674485171137465,0.5161214702128689,0.1058901797182703,0.84345132600988
281,406,-173,0.7064826447720478,-0.24194805453788648,-0.7818204267938538,0.36841106158088444
399,-252,139,0.9555170263252002,-0.4533681382369945,0.9647981584288525,0.8199907066451741
446,302,399,0.13451568684785542,0.0921534123271428,-0.07442439265974277,0.9685797895061371
246,87,360,0.5525047085007249,-0.22847968231623517,-0.27188887859018385,0.7229160656433906
-404,-215,404,0.23020096237361143,-0.5552215166948544,0.2748388535137345,0.06638616778227723
-377,-340,66,-0.6735379528767631,-0.16291131663436764,0.9963794626598386,0.3452091875524838
-206,-41,-218,-0.062445361258123055,0.9505064346969696,0.1259006500221751,0.26346757063840465
-7,-421,482,-0.6586640049174359,0.24894501939522407,-0.40780975851327317,0.3236021654793578
384,253,-79,0.4356616909114326,0.6969534827323576,-0.06002623332612633,0.030241125647545344
271,1,420,-0.9851490621921979,-0.536447237753205,0.8584146255667073,0.8819531136489981
285,-230,-63,0.33850201020310267,0.8652350945628249,0.1912456602703514,0.8605994392072516
-300,-430,171,0.6025080643416127,0.7325023057450515,-0.1932814565734018,0.7279657537728481
459,249,311,0.6538886730441646,-0.18318743968485074,-0.6114169475943008,0.31821187298341547
66,-408,-159,-0.2812870435429573,0.0810973725542341,0.9830057626592916,0.24567052309432016
-326,-234,215,0.7273110708372763,0.09468148135083077,-0.017976621654438807,0.5617854887383711
49,-472,262,-0.7090281011337913,-0.6126050822389018,0.34023965988959226,0.8589417585395525
225,-276,319,-0.906190880044978,0.4981764475777404,0.42615565334767647,0.08575148159913715
-395,-181,-368,-0.23386485619018993,-0.6545301039995901,-0.6366155717047939,0.6234770161765314
-459,456,265,-0.10512139985737456,0.9350929986623653,-0.5181759171252567,0.38560308923702136
-366,415,176,0.46901248026120257,0.19762287578354498,0.7610349268510241,0.41850728790878694
-320,38,330,0.7008804385579173,0.13638042011885787,0.1003655445735201,0.40585371501165163
-10,318,-262,0.7787457526916783,0.15322398483345534,0.7481285257334411,0.011529376444785558
405,492,124,-0.8762898467822908,0.2954531147398969,-0.916441080257649,0.8990609447271085
-93,489,-302,0.4802445426778992,0.7838986692980405,0.5865602015177498,0.12463476501926969
425,-406,283,-0.796988270176894,0.12291198744020826,-0.4260081204470276,0.7392762319771193
-500,-437,-408,-0.650097344097514,0.5822562899610577,0.7836438945216784,0.17751162167274803
112,-3,-475,0.11819684451323287,-0.526023773015954,0.604090209200681,0.8460747855663033
-12,217,491,-0.20261216008689042,0.518566967547295,0.9604013179201372,0.018017126793604947
309,260,-486,0.26497662726333293,-0.4588051139620213,0.19653846773862726,0.025082353889518502
-97,-166,-114,-0.9006745570313928,0.23381599878903003,0.8055381728738691,0.08922559588783305
-408,-309,482,-0.9843920435228986,0.2359095700441658,-0.8384496622416957,0.8823051004735324
291,376,244,0.7133605673753505,0.6168635501325721,-0.8378012414098113,0.5508551294922808
390,194,249,0.2988496443278865,-0.5549710745790581,-0.9911188618521154,0.11899748875551218
-162,-451,315,-0.3200040894856233,0.21045471949772976,-0.6798225187832263,0.24475418151039688
-188,107,-106,0.09454395572792085,0.7385933678125529,-0.339236142922418,0.18675406015944987
390,-497,42,0.7053864218325685,0.26497555424999564,0.10196038759356796,0.3012445374747086
-191,78,134,0.8351019151450363,0.4335301266836238,-0.768116697629081,0.37645863596415735
457,-65,447,0.766897452561734,-0.8258997953621658,-0.11420343984068704,0.10610780076235139
31,-39,-57,0.20318994584870986,-0.34215643652835825,-0.12961050167247046,0.8477196627009529
-398,17,-388,0.3294594262720736,-0.14933827310349157,-0.07966578782080802,0.31198753928254336
-492,14,-161,0.36471058704178727,-0.9683231260080092,-0.5867319974824441,0.17147695623172896
-213,461,-193,-0.5153783003460262,0.08028216117443643,0.4620835487520172,0.9270702961477246
-202,314,-124,-0.8904590784616997,-0.197871704298342,0.09198416705329415,0.8643309507355466
-25,-423,304,-0.4107315965477616,0.7623740255764264,0.62615383823889,0.37137572016937453
13,372,-335,0.1887544290710752,0.1532189833956863,-0.025921127986644255,0.7628800145996285
-398,298,135,0.9640272181175151,-0.3447813486333595,0.30072014117106605,0.9941546274983926
-269,141,-208,-0.28911253616350385,-0.8803067697153708,-0.8312149133393034,0.5244702242987196
159,-199,6,-0.7551750179345098,-0.24642908437623112,0.3358612510832286,0.3133442333448
299,-352,213,0.9003539876671498,0.6728088427361123,0.11833412670585064,0.7711906916265329
-369,431,119,-0.16106969437229557,0.39818456340776454,-0.6138034971201538,0.7168576015608925
-399,-30,150,0.5437947498409113,-0.7195111596470383,-0.1482902707440148,0.20906459153583742
265,110,157,0.8157684244593821,-0.6644467408660855,0.0482769479941354,0.9984342859125755
-6,-479,-133,0.7789271572482674,0.4156358314075652,0.37580872760404205,0.7103558747299948
-240,-35,155,-0.1152852916889533,-0.9745450163084406,-0.9599973961896104,0.2942194516439688
-365,439,146,-0.7436876274368973,-0.8594071423958451,-0.23085490941026077,0.09939700166522356
89,249,456,-0.2848727106429978,0.9312272842545823,0.9515409042960019,0.6920933290970791
25,482,-442,-0.31305153626656,0.894087208070961,-0.835193452687474,0.3717467430220077
443,375,391,-0.9314389576459594,-0.4715903372176229,0.5135425108094365,0.833518661890668
-78,-153,231,0.339281810090194,-0.22224752836614803,0.8006579432003773,0.06870193987042014
259,2,362,-0.8715420706963797,0.5795140761587325,0.655349082582622,0.6976904487125557
-102,-203,-432,0.7477330781861402,0.043027855897175504,-0.7404833530459667,0.4485658416444147
405,-102,150,0.02227328209052426,0.7615425008799632,0.39212681413986594,0.949073684719664
414,498,33,-0.05655108848344992,0.20131021842292185,-0.9532221159637795,0.82085884609988
-368,-248,-38,-0.144258917636783,0.6300469366498918,0.7559138976188469,0.970662411995036
-130,54,139,-0.15752354691347925,0.5525669925490801,-0.33621250612363096,0.88245891362732
-112,-197,-393,-0.008180062962784396,-0.056122630373876214,0.6265504560237105,0.9770478474517919
-162,-7,-186,0.7810794354211308,0.2466769179005499,0.7018828568950615,0.24988096368658652
-342,378,423,-0.1297448872129523,0.7491390933031377,-0.23090118550014704,0.13014304580746708
466,90,-127,0.8749103560623832,0.0009032934502086754,0.3054533133636854,0.36970862635118046
-282,138,-40,0.11082725909778057,-0.43132079341583096,-0.42859223189975126,0.9940136627656183
-22,317,-441,0.8703643850338396,-0.09049861981660645,0.15704645958235774,0.17561857977666412
-193,-128,-310,-0.7191678035903024,0.7776412142049707,-0.4413913890803518,0.5095585402299948
-443,145,141,0.017460541691689757,-0.517526358430048,-0.06892356589184967,0.5568196392532124
-394,346,192,-0.30337525768948015,0.410768077646416,0.18494265377068464,0.5626839066479382
286,-97,469,-0.8454322754213597,0.4341508768849647,0.8633604562074295,0.15576608356521174
-306,130,375,0.6292870446065553,-0.17882091986137216,-0.017471696019668803,0.44675363889668446
-238,-270,361,0.3206868012996815,0.04666546839627883,-0.8295187081223334,0.34193552865926824
-318,110,269,-0.2159191585476321,0.20890041073518617,-0.805749490407986,0.11444535990362609
-181,418,-217,0.23066452634934298,-0.0355710430992251,-0.490955552216896,0.8409847259172778
151,-399,183,0.06297544167480362,-0.9314500651291409,0.8880451299768113,0.7393129330169409
-379,-70,146,0.05221707812566856,-0.112863729001619,0.1811732923730882,0.533298239685285
90,174,319,0.6139402227777151,-0.37990629324161573,-0.15600524555898154,0.36680432515617045
-99,429,272,-0.8552649431593733,-0.12200073082491358,-0.5264601253411465,0.40619768135581674
149,-315,-457,-0.7990022909116963,-0.2733495118000999,0.4099984898833948,0.3463096721477639
-478,-3,-124,-0.6747023219888417,0.8216982141739473,-0.5418795348703163,0.6428953764292011
444,25,213,0.6341515423450217,0.7983845006756181,0.024374040762631166,0.27106456885709396
476,304,254,-0.681028236745618,-0.518351273576291,0.06954067402029462,0.19216851641251328
325,28,467,0.583132177529597,0.3502509024018281,-0.7109880583689876,0.20621829732119948
-310,441,142,0.27628903220731726,-0.7451995305402521,0.17592995547939982,0.19770149044706156
-159,105,76,0.5400982792704696,-0.7208062569454199,0.4645338093394704,0.8351531769114346
161,-304,-148,-0.9351985109597483,-0.889591587554901,0.8256768764593521,0.5920884742761073
-242,-357,198,-0.1215428581540281,-0.1626632078612551,-0.19842598362778419,0.8194577607079969
101,-358,29,-0.18091405107033465,-0.33617569712495987,0.3627712474298659,0.13499838826826446
72,-433,240,-0.235031700191894,-0.22769865802222333,-0.9570570278178832,0.7229551334812635
34,77,-462,0.3856323815931466,0.4794121086772434,-0.5839684166286048,0.654505692428815
-227,247,71,-0.0805167131029294,0.4346015504051415,0.25072969153492997,0.4676782130339359
-21,411,442,-0.8996791292017063,0.4969936916325264,-0.9760333546065199,0.2895401332593242
131,313,-101,0.43321096672426807,0.3017529798685221,0.29730929162978725,0.42116358021878314
-56,30,87,0.7931796072850421,-0.8718483072119001,-0.4185375617090399,0.07285102322829563
93,-484,-228,0.3528399006217722,-0.5951444460174458,-0.1745700762876332,0.2664432445203091
293,19,-432,0.9440495321774189,-0.09168296596081227,0.0025839050263620766,0.8601528318486806
-360,17,317,-0.9745219275662815,-0.5466577645941681,0.6039581272790044,0.5983082974155295
-372,-210,-236,0.09324962624529842,0.3941388449343144,-0.07766093612542324,0.24211899116742217
-354,311,26,-0.6237545377786291,-0.0911242186650405,0.18397224544614943,0.5160508551899141
343,488,-156,0.16925792174031828,-0.5854168264103405,0.9064919695418261,0.28511846878468355
-356,189,-125,-0.021010987076750975,0.6356515513979841,0.7713612480504013,0.6299924952485525
-80,417,303,0.8080941695570543,-0.7978044995731304,0.30049268515310334,0.7043504256204939
472,488,25,0.7907869639698846,-0.0072604408081575755,-0.32468426061559486,0.9825653329562372
158,241,-454,-0.39672208728328995,-0.9201028537800935,-0.9957227015900305,0.9574513944797414
-79,157,72,-0.35912101716950384,0.08124191578008366,-0.4861531499042062,0.6197193536804911
-377,156,-154,-0.883422342668434,-0.06056308284141276,0.12013401286574577,0.4595146688236602
269,142,-82,0.35281156072339925,-0.9894706686439734,0.2772932660314522,0.5363065713292885
-425,-489,495,0.6476257449590812,-0.4155255386735768,-0.7622820432185606,0.09860270474989444
398,348,248,-0.03961032174613388,0.6465213063463997,0.13758487380663587,0.23362701653295043
-301,329,-242,0.7847606616527896,-0.05595732573834522,-0.15635566538787637,0.9085544764321603
-362,319,-397,-0.4325322860984975,-0.8365616906892297,-0.9852454076424777,0.08646878274700552
365,-197,331,-0.19913908802498126,-0.9760623559246313,-0.11821154057749306,0.6245949889898694
-58,-126,-73,-0.8781634432986045,-0.6533405760013224,-0.8207749818373107,0.8384032422902008
-485,-150,247,0.965807106867395,0.6412863266257731,0.647868540651299,0.1887364309909077
-402,486,-437,0.7543620275214378,0.5929687084085591,0.7095692830858458,0.693998345479073
-406,106,-302,-0.5634236858957917,0.5604381856267455,-0.5659045095563235,0.7864910329614436
-454,-173,-382,-0.5419443208485859,-0.9288714636253819,-0.15228605094673275,0.8095974458625822
84,-317,-7,0.7038954455178552,0.8455383670276357,0.4651513095641022,0.8275535885496665
-421,199,-8,-0.950907983415997,0.23482474169918577,-0.7825136659880298,0.9011380113733747
73,-309,-135,-0.4987369367507224,-0.4439651145570931,0.38654917171795167,0.9979375742059815
48,469,497,0.9323192121640536,-0.3128668100342815,0.32906763394123817,0.9616670231968298
311,-453,-108,0.4999497060264968,0.8934800829553968,-0.6267714524140255,0.7759182742643728
62,246,-94,-0.3133056131065195,-0.0024835713452386887,0.5620427225358311,0.9310427837523036
-182,-222,423,0.19832388541659163,0.27381069054438467,-0.7823472150640494,0.783941577873783
468,21,-407,0.5212188348849387,-0.35741462378320077,0.657347543750626,0.8454433797984017
-161,50,202,0.7596264554520098,0.20251410100818346,0.15316265799123352,0.6761189808193576
144,387,-143,0.13951334495313872,-0.07903270658157435,0.4585523402724263,0.857015995952538
-425,185,47,0.0245586283650987,0.8082231582922224,-0.1213445347661295,0.3887815219677791
-58,456,100,0.2197576980644198,0.7199982312451956,0.2779460300753114,0.7282797756707499
-402,-466,322,0.8120511461649214,0.5493980506190181,0.6848875656098203,0.32185615821163943
283,11,-137,0.6949532352018519,0.2931551296312622,-0.44648651777671367,0.5514760950593308
-379,-241,220,0.055401185620592486,0.9308485017051231,-0.031059582186228063,0.21047239755319566
77,400,461,0.020304923448756895,0.8292171896031506,-0.06466681846375244,0.3842313908398853
-286,-202,229,-0.7720867839956931,-0.2248660601394361,0.2986180759728294,0.5311991082203023
-318,-418,230,0.5144264834531123,0.17047129710782416,0.8090773994308671,0.16315408595803377
-58,-410,315,-0.501201744298992,-0.07787255899346213,-0.5744796394775942,0.26924447829401355
-499,-490,-16,-0.42715718482010256,0.9447861953235763,0.8280627860641268,0.6129365803463375
-56,443,459,-0.9771199290997501,0.2165697424626889,-0.9005143870531014,0.4730004479226777
-267,-430,113,-0.5734235927843012,-0.9857234472689793,-0.6149602425014415,0.3527243072958415
286,148,-404,0.521448214542519,-0.6407479202317359,0.30746572906518077,0.3910850144683568
150,304,-461,-0.5679178690740088,0.731362119521553,0.8641701648173659,0.5277449949853463
-34,-58,-421,-0.3674443794685973,-0.09199879373045539,0.35958277257432947,0.6903473812353396
433,-192,-364,-0.5462675648281738,-0.886024946234437,-0.6114679296642147,0.7723433550784327
214,298,177,-0.4932062182203074,-0.11927696167512214,0.1621022195115307,0.828706222563558
-204,94,-66,0.6703794746651515,-0.5795346068046547,0.3203360301888085,0.17366997004988963
444,-225,-416,0.8071688378530382,0.1259466282742554,0.9975447850411556,0.8818729560286299
-113,-13,-405,-0.5868405856266108,0.16183304969193313,-0.13431837102833688,0.664126578147991
410,455,-166,-0.29236191353864527,0.06365274275695976,-0.5378543633886645,0.14645347385810858
490,-311,-313,0.8982946896815507,0.08706472698746515,0.8846335226472348,0.7413175020375491
-161,-262,55,0.11101688768019069,0.3156952368526964,-0.07355712406790516,0.06703170207915606
1,405,120,-0.20161718325878164,-0.11281213822328073,-0.8441699826915969,0.5546872833730596
448,261,-77,0.7779379153879711,-0.797834833025314,-0.9211236805530967,0.2929893681066059
-297,-261,250,-0.4390926698287876,0.5224734622424181,0.887353969732886,0.039002416644185106
-147,278,-396,-0.5161636414805599,-0.02023209951613003,0.7158338800674229,0.19642833550874675
-475,205,92,0.8044482566281188,-0.5570796782433909,-0.326092547249629,0.6028851091759465
431,375,-475,0.954297712506778,-0.22921205440654946,0.4443777140867944,0.7784190479815631
-233,-132,-323,0.34230805478458537,0.7778204737970089,-0.2441363170823141,0.9778820361856131
-169,-17,323,-0.5819713232485997,0.7352222325015374,-0.17614202795467682,0.7839099983904895
65,-112,324,-0.797148331339165,-0.7878282251919229,0.47994795298797355,0.33836551013667776
-365,-59,140,0.5524842689074347,0.39704367991187683,-0.5266746229107304,0.05040005367792022
-188,-315,352,0.3868747139055102,0.6413201923632943,0.24091458255056764,0.6067875806771801
-239,-39,474,-0.15857588397820122,-0.1433521615114517,0.761032738933386,0.31030084805818026
-104,440,155,0.47842123850512785,0.29705537962476014,-0.4807218415913401,0.9517668894234591
366,88,-135,0.4889431501441477,0.05421967184308896,-0.2081149422512203,0.8412845549306801
-452,-111,409,-0.8596849735130232,0.657785357058589,-0.6905997504307635,0.5327250670659421
-373,-31,457,-0.48415888132349205,-0.4864672949622084,-0.6471310288907315,0.6075888217640844
-305,-109,387,0.8823942512134386,0.2536487906412461,-0.3718707356515327,0.10619139349335492
231,304,-420,-0.7753311737363664,-0.17095099629566501,0.22023035867850238,0.636234398173199
-431,-384,-245,0.9244761265746453,0.9520061849324541,0.34622546955635114,0.3646365505294726
417,-408,162,0.973027371734988,0.02407150900885746,-0.48568446482958105,0.27155424589043176
-500,-347,396,-0.7408154902588038,-0.5042273967322715,0.2056588597543172,0.4291104735675689
374,-214,-185,-0.18152423602137446,-0.7129858793579922,-0.7096540370614202,0.128126347381933
475,129,106,-0.09397801139032458,0.9508889718961009,-0.2093507336062408,0.24256792535208557
-410,388,211,-0.9517364864003526,-0.7900372437586209,0.7069218809273563,0.02749521296647226
262,-282,-228,0.7900153342832543,-0.2797380896895676,-0.38825644118859515,0.4613144419568709
-27,54,350,0.8239642398684455,-0.9037697676644953,-0.7572237710224641,0.34030585313482026
147,-286,91,0.749081790037051,0.5827167224475109,0.9094547563115307,0.6949575496939648
-192,-260,-130,0.690281429810665,-0.2493444492227661,-0.6677865730830026,0.10795907211089802
-172,22,-82,-0.3154019074803591,-0.45919908212143623,-0.6318561070687738,0.7979394636911928
-220,498,269,0.3422364909283926,-0.27493751624727536,0.3824547798566651,0.1439197214018681
68,36,459,0.36610522965500514,0.8022337862209055,-0.05443627761032532,0.7214876982974123
-465,169,194,0.4285729429931151,-0.6320273746796938,0.06602837622375168,0.695511846987518
251,-497,361,-0.12319239599080412,0.16687888059706268,0.9109699125815605,0.363619604299071
-209,-290,1,0.29185602544944467,-0.26960551294369317,-0.7127102510010088,0.0745204349144219
475,-409,-113,0.6894451859532102,0.6120355322858151,0.544065345110107,0.13427098248324632
-214,-23,202,-0.6299190579419649,-0.7959068778629959,0.3825182908970546,0.5285664304606589
413,-318,-342,-0.6321768018975973,0.2043570327211126,-0.36658621021661797,0.3400805614962923
-150,234,497,-0.9350273424380495,0.013265774035346123,0.6820435096472066,0.64184131401303
371,306,342,0.2037907011750537,-0.7569695109487995,0.05366097735623465,0.05052276903829951
-110,347,-391,-0.2720327849287598,0.3368708894003827,0.8402607250713936,0.018247904737043564
-479,177,66,-0.970714758549134,0.9372459411461658,0.23274375112888945,0.10631194097071153
-392,87,242,-0.33576872509575106,-0.14051941333408258,0.6948633126571824,0.3963887245293399
80,268,494,-0.5649820170974926,0.5482302379136763,-0.45256850802544757,0.4637357723777353
262,-441,490,0.2592021962733069,0.4754284231416772,-0.8331618457660388,0.23073943367344457
-377,452,-191,0.9730332995276763,0.027909601533794515,-0.12099307355741162,0.9054821276323106
391,-100,273,0.1424649530202331,0.7907614188676837,-0.8631828464757052,0.3545552225305062
-365,412,-479,-0.019406025390967807,-0.8345982259606464,0.2952920009956377,0.042614553942824304
384,194,-64,-0.1546077015161731,-0.11710780937729326,-0.9811689460231514,0.027063920270890954
-351,114,269,-0.08614532862003443,0.9862537184310944,0.6717910058421663,0.6903531231571021
308,-17,-222,-0.04808606722618025,-0.8361200243447082,-0.08340029621949396,0.32581607190299156
8,428,99,-0.021649550087427416,0.5397444197195178,-0.17334212185400655,0.6948596432658749
498,-276,-248,-0.6686475279684518,0.9495168358273376,0.06428573475643473,0.1971588485938807
-425,-459,-190,0.03247268294702721,0.37022794460075503,-0.8567604533523028,0.8025276054906856
157,85,479,0.8422886850877691,0.8648504119851248,-0.6384132907594808,0.9405103401440229
-302,-493,258,-0.43423530129489185,0.25967639721997626,0.43051903966433946,0.5063786585794346
275,-475,257,0.8846617119440383,0.139936094173289,0.006658175719928883,0.40361751266075613
-233,87,341,0.8826255684696667,-0.8262889598891088,-0.38638253679614665,0.17133820983786718
216,-86,496,-0.4833779687702868,-0.6229744418217107,-0.567063910030553,0.49703859350703256
477,-94,-232,0.6519581064682558,0.5244906432643563,0.7823983063426947,0.8222164149993583
94,-191,-182,0.020077535244357847,0.19445109149549022,0.16445359779297242,0.010470133711269827
50,308,312,0.113622613826452,-0.829412525747945,-0.8033561287878197,0.865751770669169
218,482,216,0.51276263036707,0.15899030520633084,-0.005472610304540382,0.4955921613542872
132,493,-239,-0.046567172879638186,0.1511486625460885,0.24106936959503966,0.07858694553063263
70,-239,-296,0.6326589080828717,-0.335839617679919,-0.40262887300244277,0.3294029000346455
-389,-350,51,-0.4932393505204964,0.1800752978856608,-0.31779476503017356,0.20573252345943505
173,-28,-132,0.21932552050474685,-0.38143170736949195,-0.22959224088818075,0.7642115461223193
-409,-343,193,-0.8380811574600704,0.7609573518796888,-0.5422910551215236,0.012141312689508812
-183,26,69,-0.637049970510966,0.44428578972372046,0.4762382310819482,0.5947288991149321
233,39,117,-0.40653947103493837,-0.49258720678075063,-0.5919071412764747,0.45640503006321564
197,-464,161,-0.2228695882368874,0.06836668656866718,-0.4902376657487486,0.9006501335817376
252,-262,74,0.5700169323392874,0.03073103079311923,0.7653413622568059,0.26723009014398463
146,84,-447,-0.22368043047803488,0.5116130970036794,-0.43012174860498753,0.7705425264334813
131,466,-294,-0.5481776249892465,0.34235477273175907,0.013647434087339372,0.3970599929125076
341,-12,-81,-0.25047777931425985,-0.6837766803959484,-0.5968216281385958,0.3772720288439115
294,-201,-447,-0.5535524733367787,-0.44363634679355246,-0.66632151680904,0.1930919370807384
-38,-149,185,-0.9860232494713284,-0.6460929760900276,0.53865095260648,0.5533328268247787
385,-89,-82,0.26352108514797346,-0.6062400405815493,0.6854425851268193,0.8453848772691127
-246,268,249,0.4431387103148088,-0.8332686035152017,0.14869910513925144,0.034965978482830395
-258,162,495,-0.3257653752800249,-0.8207493614831936,0.6624049661775349,0.7854370985289674
181,100,294,0.8164187488890404,-0.8629022419109535,0.014762726138570326,0.870651665464814
-239,-321,260,0.8932467798121682,-0.43568020064928525,0.5689636951945392,0.46684439932770083
23,320,20,0.32256789979861167,0.02289449168722224,-0.24178060300614468,0.048275086901686276
-10,159,211,0.34343336873043806,-0.07528881606764926,-0.7148540296216044,0.5113711736848799
-45,240,-203,-0.8021571612178247,-0.8046274621449871,-0.10049948439888445,0.11250365461898554
143,250,439,-0.27995282978845704,-0.6932014040533512,-0.2705192844394213,0.9265668903555224
-108,85,51,-0.947355388314409,-0.9231306015838456,0.5754435090767438,0.16927368209099708
404,-464,-336,-0.7471671862063596,-0.08879292942175265,0.0031296825003037654,0.7265395051826581
312,98,-417,-0.9260267494673879,0.9121453804706108,-0.8907164515183095,0.4632328712040494
415,-394,164,-0.14403116706147645,-0.9580816824314369,0.06532113923935445,0.17601221520469387
422,118,-477,-0.2376827098712515,0.07352406587643845,0.9754103242349359,0.5146944072518432
-315,-132,-208,0.689702485620983,0.7285480189671645,0.7602781954947884,0.9558198979080357
-295,-460,358,-0.6073641747352498,0.4494382857944328,-0.010154606996827686,0.15685512520470343
374,347,-178,0.6674968567732007,0.49952248325042503,-0.43519186073830696,0.8907508213921017
47,-137,-24,-0.5365047377885606,0.4561757277495595,-0.8442752590358116,0.7687922841730271
136,-372,207,0.29729698805249893,0.4961774107438268,-0.15142338050434234,0.015491242463620204
-118,227,171,-0.2766694484173635,0.3344045583589259,-0.15594953606237216,0.4083100414141161
-361,34,-15,-0.5356683001077753,0.8442325903358319,-0.843917587498527,0.48425796772158997
135,353,-180,-0.5505780851837507,-0.5875413899204789,-0.451256761616047,0.49531349811349074
418,-160,251,-0.2442953783019155,-0.7756416739267729,-0.01762046978564369,0.7618109901102883
188,-352,165,0.40491707362421936,-0.22270148648534782,0.3638409102678841,0.8963169270455074
360,47,-375,-0.48366433806194764,-0.9226334852592344,0.26219730527863927,0.14968236041895752
342,239,92,0.7107245182070714,0.03391864564731728,0.715598337935829,0.42756257859299157
-268,39,318,0.8312900637254834,-0.8998898693304522,0.5739556496639495,0.8327455234499297
76,137,395,-0.6310157723793628,-0.2902828989545978,0.1875922675562014,0.8914811090305812
451,-86,-380,-0.4865202482751938,0.5339364527725357,0.7396641677976559,0.267024945777175
124,-493,266,-0.7372817765206607,0.8967070347665913,0.6217821619537054,0.889040763173964
-207,339,-490,-0.6475932054155056,-0.5548680416134488,0.4067661645285634,0.9177403612337836
305,-447,-6,0.9587942597609744,0.037790394962951446,0.074146350151022,0.13232260805500465
-230,247,466,-0.6529851085449312,-0.6810919198826364,-0.21224756608318507,0.8811573829501423
169,228,378,-0.11845856442841751,0.43061732999357516,-0.45198698595108566,0.5879421107737977
-264,-40,430,-0.4187586664962599,0.571100321975428,0.6584381164457092,0.8249816968484369
-141,-468,17,0.7113886841088282,-0.9313478308555907,0.19337137025607842,0.1729672022461653
30,131,-273,-0.911289782606653,-0.44444624515423636,-0.7247245691558326,0.2454099584675309
-221,36,200,0.5463331458518403,-0.8729602692961107,0.9271536269802763,0.44500691640631906
-298,-292,19,-0.6641820477058307,-0.36204209881951455,-0.7533155255033923,0.6264828610153566
283,-52,-378,-0.4034459865476885,0.38939745803150716,0.22267183252226874,0.41110882983871344
-431,202,192,0.10175852650181416,0.49928479560761385,-0.1821219690163578,0.10146967816246782
-479,-104,399,-0.8902760725730208,0.36746648535086157,0.796191757991211,0.4190741402579704
-39,129,-32,-0.10597417967613953,-0.8744729142344301,0.8675892335002988,0.1543919691001381
243,354,-280,-0.2212376753238785,0.518512294820261,0.9863279833020473,0.3833263616443953
-37,346,-151,-0.5348176453659541,0.25226242601238735,0.2220643455832012,0.3717041225469686
-131,230,382,0.6923612944889344,0.19527309787835478,0.49925375413629913,0.9736822061639953
105,436,332,-0.6829180851935883,-0.9712976427150255,-0.3257085011444314,0.2321282092036275
-191,320,473,-0.36702250788656743,-0.6793114276403651,-0.22179920252747465,0.13006402606763595
-282,92,57,-0.09704770133716312,-0.7680284879551962,0.49832961276880217,0.4323126556947563
-404,129,-455,-0.061952744546031946,-0.18183487912438734,-0.09070476603467648,0.30098561616900793
-88,108,-230,0.9615709004749902,-0.9404039385395082,-0.12857249168422547,0.7092151541024371
-113,277,201,0.3881513595906758,0.899807081572594,-0.1374664069532443,0.6934147255586292
-372,-275,32,0.8093004665675783,-0.876014831441088,0.6434848813226355,0.018241166827412357
-72,154,429,0.7630521711778488,-0.7426116453964329,-0.8034629984265653,0.705797365958268
341,239,-472,-0.10870026929117738,0.9377178347053297,-0.2627535703255519,0.19361968550119793
388,158,-147,0.9562588871274929,-0.7291161588600088,-0.9329966012719657,0.1382503538804233
426,341,-257,0.32020008056844573,0.5171470996349172,0.2948839294851724,0.8643733027126616
155,337,290,-0.5611087550510956,-0.5203334025214084,0.10603861164290174,0.16150493932424762
205,-64,-309,0.7221921634723927,-0.12351384803502685,0.3471097722249874,0.7494322462029547
258,-426,287,-0.3508476260233253,-0.6667837577244993,0.4391045493491137,0.10627186163848974
-426,19,500,-0.7488262355972113,-0.5996794619826551,-0.7483555048051822,0.5839038185684339
-198,500,127,-0.9293775023764339,-0.6504124287671684,0.6500963040899195,0.4800035262258045
-215,-153,169,0.9205184917456155,-0.8723504183504025,-0.9994892867085619,0.5396518033511495
-323,-487,84,0.09227817802059746,-0.3634537343880624,-0.8407457888848855,0.2964027369533269
292,-257,141,0.6963860740421475,0.7339569288835841,-0.20150078564321205,0.6275144160178833
329,363,-454,-0.1464657039082924,0.38036949681675525,0.783987593751972,0.16188620747705013
-34,314,-59,-0.46775252088000907,-0.6388443255304832,0.7054267002754067,0.29517265378581975
-298,-126,-133,0.08932192798421301,0.3275648278638157,-0.034681585165436735,0.017622656537905526
-208,-103,-392,-0.8829742388116653,0.4637509196177836,0.9298689946350085,0.3938452586889963
-104,338,-130,0.6395530258427915,0.4871091110212178,-0.038672382380163794,0.39360805842953583
-469,312,-413,-0.41163170403383953,0.1679581856354322,-0.4158403308008536,0.29365873526584224
328,49,138,-0.4152402127823416,-0.3609830664650293,0.6168357108363887,0.647473118252544
-409,85,177,-0.8415913207491108,-0.21759461284503612,0.36687247852587035,0.9512614475345672
-131,72,350,-0.06431909298028704,-0.3274505967180228,-0.5047489446056497,0.31278484091630865
65,60,-285,-0.32722721159571755,0.6402745576032449,-0.39840473257797293,0.13998539996624076
55,61,442,-0.9157589831201696,0.22169537225654024,0.820593471131126,0.5623589536788872
-266,27,-161,0.9845506514939504,0.6586948942376147,-0.867992457614188,0.5329000343744071
-206,326,-167,0.8202405644934097,0.20510437281375915,0.475756982911242,0.2565223013458473
-137,185,-56,-0.8516363649395615,-0.7989311348472201,-0.5395093834231721,0.6527985658715518
89,441,163,-0.42586034278174467,-0.017529881735246944,0.11347942250210341,0.1299368514365802
-412,-81,-279,0.46857731195243324,0.274762057797427,-0.3629616119580028,0.5382289378500489
-29,-26,30,0.8880257309921535,-0.40893303909856926,-0.3895482488812454,0.35361385321552313
-2,264,55,-0.249431491091896,0.17807131860044834,0.23977751956621463,0.9766522890409286
278,354,306,0.6038923397660625,-0.555936345228335,-0.08469273452678361,0.8316054759262325
-324,-380,-163,0.17943393515013928,-0.26465484270226325,-0.4992143410681589,0.6075243772128968
3,-140,124,-0.0483446923769113,0.7409944189716178,-0.916343090449738,0.8587145975852073
-403,409,415,-0.893333483958797,-0.3770992566813707,0.006520951598917746,0.954451349067291
-204,-388,114,0.7294507067478033,0.20613326629125805,0.24221655872372483,0.3798563727503733
-352,436,229,0.6079909077504062,0.04619777242497136,0.5447037488449455,0.37182536465066207
-39,15,390,-0.723840603844403,-0.2458974702949026,-0.4133287547346698,0.36644768600641553
225,-124,-155,0.1325815925382341,-0.35469255998934757,0.4257795787594465,0.83268688843996
435,301,-214,0.2903434766749886,0.4459726238909647,-0.8417842429059541,0.846116894436649
109,-349,280,-0.37620410355271416,0.6822753898666414,0.38300125714630706,0.9389145579203259
-450,-181,239,0.34907926921348054,-0.9339333460782535,0.12769811800553588,0.8548598399449074
302,307,126,0.5680115483179218,-0.33419125203160505,0.2976089059663696,0.28759660601452214
70,489,-97,0.39210857531157317,-0.8426577635852328,-0.764850933466656,0.024141280938217845
282,229,453,-0.9657573070742451,-0.6781261311639453,0.39360450977114714,0.27167155794886627
363,55,381,-0.49353490335709216,-0.5767331360671755,-0.26723151631747566,0.7241050263014248
43,-148,-62,0.8599664662356714,-0.03482373812293682,0.9897790193039697,0.31695846357844315
235,-300,-447,-0.3575034635474601,-0.15286076136800686,0.17792331868986144,0.10819496187878656
412,407,322,0.15820589235336202,-0.6561522711142909,-0.029240941874540072,0.5787472829047633
405,140,-217,-0.4511434780203629,-0.9361701462240901,-0.132366087795448,0.662518822600765
-224,152,368,-0.20027888550329798,0.2664419634782029,-0.060939368190279675,0.3928058585010932
444,-358,469,-0.15239743867466027,-0.5901575813904518,-0.6095729875298044,0.8995361772903586
269,-333,-189,-0.13844579798326095,-0.6576023453726096,-0.6128453798012716,0.47615874751124626
375,293,-90,0.8717490381075945,0.7544319644847102,-0.1309985789162873,0.9646191508292777
-204,341,-292,0.3449889140830771,-0.6649598766843265,-0.8823895107024062,0.13021117979383626
69,-481,-122,0.17514270774628615,-0.7089248990997568,0.8811697906838993,0.714399083121806
352,219,-63,0.8778204909586207,0.18856532177556717,0.3331894266679747,0.42745076617530897
-474,188,294,0.2882403297997227,-0.14586324845653542,-0.4058791915751305,0.38098206923042127
319,10,54,0.5285539322954294,0.3024058915537928,-0.6113579613928664,0.01959632070508975
85,-365,114,-0.606208559756547,-0.4823988495121565,0.6474852501850621,0.8917261933489564
-365,323,32,0.6458425106246564,0.11737465105169731,-0.8920502553104683,0.15408485771881217
-496,91,410,-0.21786742050988228,-0.9844779037225204,-0.6725741953210731,0.255072384774954
236,-312,-454,-0.8380384712920026,-0.46303478148768495,-0.34479301264911943,0.9013808277391064
-490,-276,-438,0.05761897776183944,-0.9034701261025986,0.4737487753151117,0.9034861533470456
-482,-396,486,0.3518675252513286,0.4028146227836962,0.9956926529906127,0.9842633014685389
302,293,300,-0.8528587357114634,-0.6935834035662221,0.32558232223589934,0.7168187821586055
380,273,-297,0.34735253363173446,-0.8074692585077479,-0.3336884137161167,0.2718096249234802
481,-470,-286,-0.2604982117025678,-0.8038439312173022,0.7332788693755905,0.09715868128490664
487,-114,147,-0.057346516992369256,0.6699987879360261,-0.5627523548856077,0.13841476781503267
-44,369,89,-0.12013776417748301,0.4161376691018206,-0.3211308595995688,0.5735438336133203
-480,-317,337,0.38922348884041513,0.17486455632587283,-0.2917906103812513,0.47743226390446714
415,-149,335,0.7090907102390902,0.6085621086457373,-0.7800543152490411,0.7540837668077879
-327,369,-232,-0.3412279694074629,-0.6435450264909215,-0.20796216936899792,0.5409205915616975
259,390,-375,-0.07052915673546001,0.8165903072445149,0.4428580260360446,0.9732529222733751
-458,323,273,-0.27342410058362643,0.31083501934956437,-0.020718575350946455,0.9797021543881591
-263,402,-97,-0.26931436815942544,-0.14743696837975073,0.26783682967872435,0.7861834337900588
-79,220,386,0.4440142173415673,-0.5824174910065307,-0.5966074047063579,0.5491239855858598
-245,-205,-187,-0.6369542718754724,-0.31090348731038686,-0.5730558906337471,0.9200465500674163
-133,120,-29,-0.9517517513882039,-0.18934576773454626,0.6643945535260789,0.8801578029378605
309,-245,284,0.18679687474043516,-0.7185849781005103,0.30825407653124204,0.6038760729186959
110,159,47,0.40406712338668616,0.9683526063836143,-0.4089846839135378,0.5069655218616851
-43,-440,-174,-0.80854510908834,-0.3702096388492382,0.7946682352055023,0.5686914294899369
479,366,360,0.6044445221550667,-0.6304049784421277,-0.19973857218233393,0.4766009591373808
-120,-136,456,-0.8833350443636423,0.5950291996166108,-0.34319591416700646,0.4412812149321784
-7,21,191,0.6502717195156302,0.7268429393985074,0.9124183635507512,0.6862614322511716
349,-218,37,0.688943118706447,-0.40256831996059184,-0.36256254676359845,0.7492961200256247
-481,-12,-134,-0.6173615474882921,-0.1930445704107595,0.13516707296059627,0.5693737821164784
134,55,312,-0.3028469961771014,0.5704516686236816,-0.245482735210647,0.2940188003548117
439,235,-375,-0.28694715578537666,0.4798815100011209,0.28918375591901957,0.9155296517559157
-99,-241,31,-0.04486433951698521,-0.42665718256284646,-0.6506737169332062,0.19880655376571893
478,-249,-220,0.09022887899009047,-0.2532688725627219,0.1992137433926744,0.11155774605400058
491,-406,96,0.24101076872828275,-0.9342783540408353,0.393361250725601,0.8396638204224478
496,-140,-213,0.18816330605074305,-0.03319374340574521,-0.25586284214721355,0.12199410617612157
-444,441,-293,-0.017972161463714276,-0.9709391770720792,-0.0926473097052043,0.49759168591954844
223,-454,-162,-0.10124405372295153,-0.5867431891852852,-0.9377731069008122,0.7991483380561036
-232,-281,442,0.3866787940061689,0.09681183494136336,0.2609883618485185,0.06048482253521314
341,311,-391,0.9855220953532471,-0.23352385149770383,0.06132078502683069,0.8704815688085233
-110,-394,-287,0.09606323083153856,-0.21723482954198725,-0.5600908734653218,0.1299653692905843
-492,-93,128,0.5291526112007758,0.6200730173103111,-0.2526877690374514,0.0758747059773187
-274,258,-58,0.44190514009992876,-0.4848829896985325,0.08536080836063231,0.3100159070290585
-23,-482,9,0.5658491408828363,0.38440687948430363,-0.29118471863113493,0.8734722373361716
-209,-123,334,-0.512334336229779,0.4754911057739575,0.7339997820068673,0.4733971900121231
323,-295,-215,-0.47725945932470926,-0.5351000390627925,0.19122554503617994,0.424675127664226
212,394,-35,-0.08519657009023351,-0.7485615383847575,-0.1286272134529689,0.9692235918407176
-405,-194,141,-0.6624089074161708,0.07354508452679442,-0.7078374040856295,0.926392697426121
299,218,281,0.6685986493363665,-0.4631639107337078,0.09736824135871114,0.9233200057055355
-291,408,407,0.5723782921089298,-0.9550773522998417,-0.9022444245911496,0.7045012731305718
-435,89,147,0.25013173994821924,-0.5679873882330795,0.6506326864773151,0.6524147585412583
201,67,-100,-0.8799212709731967,0.5955535310285383,-0.562449608461548,0.7473648296739512
88,-135,414,-0.29134569322568615,0.4850799463897786,0.00840958130944025,0.43230881070102983
318,-156,406,0.646367994253495,-0.2625638296474313,0.34046025803805624,0.721310858254315
63,17,-376,-0.13716268124732034,-0.9196120075306033,-0.4388587856749995,0.2071887236772012
-66,272,-111,-0.5994074539498888,0.9786277332031652,0.018054892360558794,0.08105617829920073
-259,435,435,-0.7563752037978839,-0.7513496459145745,-0.366887148164994,0.7699354834851583
-60,-471,127,0.5699831977277361,-0.34417386592363686,-0.9738013810283814,0.28075722610083487
55,-110,-452,0.3344679808302595,0.817291806395023,-0.37614877870827246,0.02649703886117171
89,-174,-478,0.20202486856931579,0.1916295502960199,-0.4329301551995701,0.6392498616830976
-159,396,-195,-0.8643292693538263,0.7356076276323635,0.2564011051956845,0.7378671454668531
-182,-491,425,0.7845850549352091,-0.9595871884643756,0.9059494253427096,0.8721357695269654
489,76,53,0.04127141646676402,-0.5614053092006188,-0.6205971170434501,0.6694916982800727
-401,-247,-483,-0.8070956633639708,0.31107153766388174,0.9089645113931284,0.3200882342549546
-380,446,-442,-0.6525588487729308,0.4872261274064005,0.5729416437851269,0.23986104677123266
-3,78,-368,-0.5294581282083073,0.1814946887522355,0.01296059204156963,0.6714858286799675
427,221,-199,-0.7523956419431339,-0.1174309687763373,-0.5243172341590079,0.010060128168359798
-246,162,472,0.9254231576474237,0.3164677605504187,0.2807386262058065,0.024244413170286506
371,182,216,0.7875908677989967,0.3566395226454355,0.6183565810314757,0.895600360527328
41,372,-130,-0.09906202897362171,0.10914640290337596,0.9477653278635885,0.8606408264402965
268,394,-295,0.8370327349868047,0.2741501764202048,0.2813428330432648,0.6881112482474885
391,193,-314,-0.601892336067348,0.12251175915575518,-0.19998206087135273,0.12899488969385553
-294,492,406,-0.13828953206238048,-0.26093516551240237,0.11739536387519123,0.15892697792250596
418,-187,114,0.9324947054635058,0.7753110406298132,0.537002786622159,0.887449986353685
-128,38,106,-0.5536446762073999,-0.24979274314443378,0.8523666663973828,0.7460161445797933
-187,-161,-467,0.6371011130104622,0.4901028675509933,0.9940995305985327,0.4827664788163159
-398,403,-484,0.6908316050076218,0.5730095341456429,0.015573489768564874,0.06617704282307019
-79,-212,448,0.11797315353999349,0.8844212769400115,-0.755220771613256,0.7679631113059487
332,-313,-201,0.71505365105764,0.564710734199565,-0.3300119636395238,0.3031814583262006
-383,118,-198,-0.503655181968738,-0.18445424883056583,0.833626571087076,0.9407182142129926
-272,192,114,-0.2374726857266909,0.740276588864119,-0.14024132230297703,0.34925591232166636
-282,-107,466,-0.20521604566688567,0.7234431253203124,0.6116860416834635,0.9707578991501463
-119,-241,-486,-0.9282548397080801,0.6250980575724354,-0.997604715931117,0.22990445882845678
276,-171,414,0.3566109648295681,0.6576672239274044,-0.8465650149946142,0.6673466724771883
147,59,15,0.41692321206780236,-0.6088055147340115,0.708792777059559,0.5541570504298581
255,169,211,-0.4778737398445496,-0.8716747232015851,-0.4637499129560396,0.9285103750445625
-252,188,252,0.6561943552459897,0.8886360170503478,0.8208397448084286,0.24685114715433723
-57,-138,-70,-0.6587993842336488,-0.24961960831163577,0.5223143943798056,0.02008964186806346
-416,187,186,-0.9905419876627439,0.6889350678657713,-0.8642052747371045,0.6868858532091907
159,-361,311,0.9741884407960606,0.32269180347054505,-0.7578064299544505,0.5914939784995652
61,-210,-34,0.6752554567935332,0.7199305085926526,-0.3983730556415568,0.07602672774484943
-61,-404,489,-0.9339755836981911,0.4405711851888179,0.9574251162169056,0.5302816874165412
-189,-9,155,0.35133262401002274,0.4999249285035203,-0.2550571420974945,0.9311104225241562
-380,-238,-252,0.8965151699747198,0.2450341170477075,0.39858537086153034,0.40511382888534164
133,-317,-400,0.7930627463239284,0.4215141237309028,0.9012968153710439,0.5127634719338224
-389,247,-463,0.3647952341934706,-0.22658827704876816,0.7564710390260803,0.05592932402241509
396,397,-417,-0.8636625095728809,0.8108737393119061,0.5790738913439981,0.8552277233240576
-175,-115,-272,0.7396151222520648,0.43304074159903716,-0.8858799897472103,0.2638466987163229
435,342,101,-0.5067871816907561,0.48856248576191086,-0.8215399527826974,0.5233638126426595
-135,-115,-395,0.9805172843062511,0.3171256041088528,-0.18183803542235943,0.39408726710187536
306,34,386,0.7305069246669005,0.26652121940794093,0.8994973342753192,0.6013160253386107
211,-15,253,-0.353944335814963,-0.16930808977546197,0.39819680146237335,0.8436276782929922
-126,122,37,0.3855389085759917,-0.9910530716827544,-0.8308419657109165,0.7236758939893199
-103,418,227,-0.671956510052474,0.9562983966521594,0.408413640256601,0.32418217474108507
-467,-363,-128,-0.000895936328109137,-0.791698086469248,0.44590397821733996,0.1820184375718848
-483,-19,387,0.31364285864555774,0.4953383680989836,0.020899159086806618,0.7192863442813632
237,321,-323,-0.7773159906827729,0.8087956956751816,-0.9446361902383402,0.8761372145078231
181,-126,-392,-0.6472234321604919,-0.46469567183429983,0.8224555702009078,0.7525690134075319
31,220,-490,0.08558880586098994,-0.8483628426827567,-0.9667911173433563,0.5086841919711959
133,200,28,0.9145250764691921,-0.13347026600480016,-0.41037984987957454,0.5986797249257404
-163,-220,-489,-0.6020618795924795,0.20796536611117733,-0.18813589854489643,0.9698035392495357
176,328,-22,-0.7028485405084224,-0.049820274016546096,-0.7708576734696715,0.4285787127445342
428,47,143,-0.4629679881487576,0.6626599116588012,-0.29112311680886616,0.4366528155261742
-404,14,-336,-0.9903094839848927,-0.27215396026477023,0.9929153870205167,0.5782147323986511
348,215,-368,0.16436000250291083,0.43960476007487004,-0.012593660007877316,0.06061500914132533
356,304,-144,0.6695994313114773,0.9293720355111252,-0.07365436118628832,0.5863733752907346
-334,-418,-404,0.5610861620336096,-0.3511756123284877,-0.1931399769287867,0.698247837655884
-412,-142,100,0.7149682273196185,-0.5320239983958199,-0.47637178301606387,0.2640311928110763
390,307,-84,-0.621760579218686,0.3768985253632917,-0.04339328999224423,0.9707347184054891
475,-143,-458,-0.808089089361659,-0.49476991248331026,-0.6731366639738747,0.9835515691969564
170,77,-176,-0.82236224079444,-0.6616145346798705,-0.3486140068060919,0.6269212862023789
-468,341,265,0.6744936790641785,-0.6132309131474736,-0.9039960788225414,0.14627397934930478
-7,272,26,0.49231968398846426,0.9317399021666777,0.5729307418540415,0.6012678440062751
-452,-342,-117,-0.4985294468314987,0.6113682528842284,0.81567165787951,0.567525918429957
-225,470,-87,0.43677726705002806,-0.3018524913917533,0.26787281223926174,0.30629453811636315
-176,236,138,0.02314531002922715,-0.3061893092576695,-0.9374584516954665,0.03965045968155645
251,224,331,0.8392369610059556,0.11645996870364117,-0.5752161327388432,0.8200300254212605
126,10,-389,-0.2131704861381234,0.16796170520639508,0.693273391888495,0.3479887331252757
-455,-146,117,0.8840341278955586,0.755189034675428,0.8908542991277029,0.24473600580861007
-257,-249,49,-0.34467260425602175,0.17064777323945335,0.5445988409574434,0.5787661998209422
234,-334,54,0.34650323833027863,0.58811009957044,0.3124858768040484,0.7274827230655917
-480,-141,-428,-0.4252800445978997,0.8485784344960321,-0.0015318178819037076,0.5567254143532543
-273,42,152,-0.34162901486800235,-0.07221217827996118,0.6939784959808699,0.5863469075915082
-49,-43,184,0.11172194498250931,0.4279182885477162,0.7119395534511224,0.5275018779865198
-123,-298,203,0.14543689787406722,-0.8034078608817188,-0.3771635111803102,0.4766820435519219
14,119,407,0.9651903659081842,0.24792014820256925,-0.023121226369595016,0.9755367408752025
266,463,-217,0.09684706610668647,0.9334647500188529,0.3467522796206821,0.20676020727339442
19,-69,397,-0.9068535278494556,-0.639821792592856,0.22519724107613426,0.054224472833304393
-284,47,-273,0.14216205562622353,0.3553524892546196,-0.4876948246962929,0.43931541534784024
-361,-156,-158,0.04858842010750397,-0.4897737236812718,0.2655296175034241,0.20640259168111363
290,256,-292,0.06989401236265502,-0.3906255668121119,0.7497002712132406,0.06117530625989314
81,328,174,0.4676458262911063,-0.8116987627209764,0.9576491232605133,0.617857973160411
241,-209,30,0.940231663473114,-0.5633605831665185,0.5206242722246506,0.926627854327535
170,488,-304,-0.7503788976609835,-0.07163567344428556,-0.5444927712573164,0.6216428358884127
-184,457,197,0.6845218522762688,0.517221922848716,0.41424200339415007,0.9020594101946251
-190,498,-57,0.6949914248824429,-0.8994886318419115,-0.08623874365044903,0.104340416743738
-431,-209,261,-0.6288665641788296,0.21630935957882036,0.32958268831534787,0.15367035394890272
324,-162,-155,0.6936674965784164,0.01770792783468944,-0.9859741087668743,0.9149594429639282
318,-475,-80,-0.6708019022247771,0.1753104863214916,-0.7815206783518487,0.0882694263285732
369,402,-160,0.5750741564442425,0.6454198526859996,-0.61302746427834,0.9531751360418493
-161,-346,-253,0.9958571488698784,0.15148484254282368,-0.628065576224911,0.668474559298177
-85,174,-347,0.6068390935056558,-0.7223553153066749,-0.03598343066078957,0.559991077282573
-497,-497,283,0.35726140936366235,0.7269160713737484,-0.8299756346267808,0.3305363923794147
240,182,267,-0.27192865843028335,-0.9330668388800314,0.43952212552937886,0.983877210590412
17,208,315,0.007076620789469912,0.6819286326646774,0.02117698786786626,0.5971208206645527
298,-100,428,-0.05806059718888967,-0.6806534008980372,0.13814612780827962,0.7065340873996394
373,-360,-56,0.22654998722424358,-0.7543137588800861,0.11890633906689918,0.24246369362098494
-289,-468,311,0.27736544961439047,0.8498180582858983,0.20318021347374282,0.704103426088676
-140,238,-184,-0.5307192025189966,-0.295406982165481,0.45988222116884736,0.5006179125932422
-80,274,-440,-0.3758155822908904,0.5807236554453681,-0.3229563314497361,0.36234444463142335
353,-265,489,0.6767074052223152,-0.23760636793102652,0.3966675662814543,0.037868356964777625
294,153,319,0.31327692812818664,0.30616915116323096,0.3102950151776247,0.2671080938833918
-396,-429,-257,-0.1596807493561967,0.9283945635034516,0.8290160935100384,0.6550892117279146
234,363,-83,-0.2523495745470792,0.4275580977725064,-0.43228760901082297,0.7677376133547984
222,-37,378,-0.948032537456271,-0.7975482592493108,0.7196080502318698,0.21842737201311418
245,313,-163,0.5224782225357798,-0.92982455035253,-0.3598773744353274,0.5302787822684194
-486,282,-164,0.6058880192854865,-0.35493589195219943,0.21069865148085842,0.5643779870723457
-440,472,252,-0.9088524819084716,0.5600964866451108,0.8238856383816797,0.2477423569249377
-381,206,394,0.6760916811070168,0.5521169916625428,-0.37392077966471726,0.03921618995580567
217,313,344,-0.2166496870071939,-0.27089484003281106,-0.3078875140423907,0.4041183374299493
257,457,-106,0.2624558342201275,-0.454785919831705,-0.5257568901099796,0.4149153310112058
-279,-371,473,0.20647362023787386,0.20520092031076165,0.2555907600150389,0.48329652631747516
148,33,383,0.6914016806803955,-0.46532298884793066,0.6802982735987939,0.35282308124414274
-124,-399,240,-0.852858160383662,0.6622935210851788,-0.024005039453382837,0.30099403399816044
163,316,427,-0.2514342966381591,0.03925132905441919,-0.3400310143209029,0.5171371911425621
-153,-350,250,0.044756919131300865,0.21956097353429938,-0.4740463674514035,0.2912282506792912
-129,233,236,0.43750889902035994,0.2563107321939435,-0.6827928234029899,0.09391676689027433
-290,-86,151,0.36709515797427916,-0.768832688251027,-0.8175789626568906,0.16420190847616026
-32,-489,-293,-0.9723580685416726,-0.849884990385184,-0.5878350069166822,0.5717906774656002
2,458,-354,0.6677863502727692,-0.09948521441307268,-0.9895384101708127,0.907842685028701
342,-97,419,-0.20578588045500945,-0.6210725366631658,0.22324380745230732,0.1079875363491901
-455,488,70,0.7885406061630122,0.31009038740205885,-0.7896238490538801,0.34721480599654775
376,-82,410,-0.7270016806679944,-0.3967528459156606,0.3207312258768593,0.688667613342704
25,-329,328,-0.772868182910065,-0.10551177509352305,0.7760241965018408,0.0833039848295744
-135,-84,102,-0.11483132009292207,-0.5110707767736884,0.8527988525392616,0.0743531307805571
-100,342,415,0.029930955159440886,0.0024408039251035962,-0.42583874029797597,0.8604502813370101
299,431,-339,0.19169319580849264,-0.8314117253051685,0.46249589444733696,0.616330926787503
399,-140,-336,-0.4613923548807304,-0.5045488800677149,-0.9305468968563029,0.7638699574396545
-426,213,399,-0.7567586342880019,0.0972787573971885,-0.1916786545990692,0.25078229300855887
227,89,457,0.17564245744093543,0.3808241386903446,-0.582535295571381,0.8054814763690737
90,493,-128,-0.1869771932984523,0.6579403185783173,0.07751487002452828,0.986208606731358
-209,-65,143,0.03716340323067091,-0.6705879348109525,0.6375053487832572,0.7421708932256117
10,-329,126,0.9634978413217616,0.7394996826780942,0.6460828238860554,0.8316849601139928
419,202,494,-0.3016016153912744,0.3955781853557503,-0.9391804782720083,0.15273662207079206
151,158,-144,-0.11695985800405428,-0.7627796306718553,0.7895678118248899,0.10643833519478627
393,-199,356,-0.8472633393475879,0.5078090836465228,-0.40897087426787726,0.8463149017123871
-419,-184,-22,0.1958516166272677,0.45977351078536643,0.15324942959035948,0.6278451197406564
-452,-267,388,-0.9313585350780207,-0.29003005441235663,-0.15410077455085958,0.9024617732479543
4,-90,231,0.8604818579886426,0.3069719720426487,0.4242765493812024,0.12074314435747525
470,82,-262,0.6985114745890426,0.05340857061912341,-0.39539963079109364,0.17698761898730742
366,-92,110,0.39389577449288127,0.4984555559683017,0.060725788931341285,0.4548770379234553
116,-105,429,0.2344185066435358,-0.3022337069288812,-0.6131808698698622,0.7389609551744296
346,480,100,-0.3450542332606372,0.03348036319610603,-0.9702409094269671,0.5321496167769488
-223,199,-346,-0.5514964706080971,0.5655762397324786,-0.14378240685066923,0.7117293946957954
354,23,403,-0.3341373742937297,0.5580051851672074,-0.17534586194034563,0.4143204039397185
-391,359,377,-0.7474552705129016,0.6718705137985959,-0.7041976998796988,0.8839411967176067
-165,322,-277,-0.5801726971369536,0.7256086687019343,-0.041212438223207304,0.7726702161233132
179,-218,342,0.034557507268524024,-0.6346459861310867,0.7735357733534616,0.2088133057418509
241,-191,-191,0.8794136315010743,0.5880844009161847,-0.9611880914485569,0.055728559118549806
250,473,-59,-0.405976296912955,-0.11706409314278554,0.3778653402259877,0.8301218207992864
285,-401,-377,-0.8352107036796916,-0.4079792618903737,0.7391993222628175,0.37201805211253147
-432,-44,287,0.6172496984182829,0.29328415311533895,0.7913836557297456,0.7225708506099696
-255,472,420,-0.7062571960489996,0.9036386583297065,0.4173732811250872,0.6371874287436435
361,384,-254,-0.9480483048710915,0.750783172549969,-0.25383871370594013,0.10262973876307314
25,399,38,-0.038621551043583,0.9536734659463548,-0.8803733484015059,0.44247227782505477
268,248,-193,-0.10062836766908201,-0.2672818557525207,0.3219954866372685,0.718728304230374
-394,-132,-311,-0.5574990055274711,0.09788631203970333,0.02748710832462531,0.35093806836083496
498,83,467,-0.03987488399293615,0.8955648705473869,0.8566614441456175,0.012330362332507354
45,228,-477,-0.5863810994766354,0.02100763167625508,-0.7052946325923075,0.43164824604495783
441,-352,271,-0.052262095213639226,0.3881084111183182,0.9193868670485177,0.3348453241981542
472,60,126,-0.4103186872910436,-0.10888246321149864,0.768941616683283,0.0803417383953908
-438,3,27,0.08223607728166504,-0.18527631880389572,-0.5068220494876183,0.6855806397209704
60,435,178,0.3396537694968107,0.4480336917184271,0.38626203782118873,0.7866450954984994
252,-162,483,0.02048532621800714,-0.6048591355753516,-0.6149712179918989,0.29405892937305195
-361,495,108,-0.06992122530155709,-0.6325125333822594,0.6973192215457564,0.40009123927447404
-243,-259,90,0.05893114305729141,-0.33450772211265933,0.7934734629430289,0.6173839407567834
-151,204,377,-0.12718004639290048,0.47841871444752115,0.2177846007534927,0.5991577087767899
204,193,302,-0.6648013935765349,0.17635280654616703,0.06560422841336555,0.6701172954989367
447,498,198,0.012111441548044333,-0.0142386736732254,-0.9617844872072303,0.8632100187350977
203,86,322,-0.8062822042336093,0.2530177454306961,-0.8844504845252572,0.7694088329971522
89,478,-463,-0.4641233788384098,-0.4488996391436324,0.9369687478391773,0.09100222499861524
386,-189,299,0.5200867085294549,0.4929011291379606,-0.44475971486781596,0.21010291404814024
-171,-308,42,-0.638012387647815,0.5250931173615554,0.42845003746924193,0.4034109501528166
-475,321,-446,0.367417253605292,-0.04679513163438065,-0.38755778298243504,0.5192457612303105
400,-449,242,-0.325897687352811,-0.18996040771343847,0.3062228766794619,0.8715150949592091
-10,42,29,0.12133230207856771,-0.29975400909918437,0.16489609933021443,0.29549999291371637
-478,55,390,0.24100570277437572,0.5785336708165434,0.9429816904968955,0.6511364734407246
-89,431,14,-0.6594225300625214,0.9843431498652806,0.3063623495156882,0.10305738956004716
-305,-314,426,-0.9748303503806892,0.035414112168576484,0.6440693358541631,0.29605344255800714
-259,430,123,0.8538853442176155,-0.03843007221232986,0.3320004033297206,0.29135694065795004
190,-89,-93,0.03319683308513621,-0.4550923470003112,-0.8428363029180195,0.3265103843484632
172,388,-176,0.8566959565324703,-0.05605511987993994,0.9192481631472271,0.674019412075664
386,-183,205,-0.7303465892293455,0.1726103172847553,-0.04274191910892977,0.27425419609091867
-461,-185,-241,-0.6949961534119302,0.35937802480923176,0.2848822805970892,0.27486077658366415
-356,460,-439,-0.5222620469808057,0.4368815687575027,-0.223750074066287,0.24769069469170013
276,416,-354,0.8704555461417611,0.6833532130239532,-0.9224027101017798,0.6106513656811657
91,-78,-98,0.5876550025188012,-0.5584628275211063,-0.2621267262765905,0.17462908351249978
25,-329,-225,-0.6368272986146666,0.3024518209934455,-0.46225339234777096,0.3325256470550175
249,361,365,-0.33243875153825875,-0.8858941360240957,0.45796090476567364,0.9734716897686082
264,-395,62,-0.9501635116618301,0.07082290816822323,0.16005261045590102,0.17467687607976412
-122,-28,-473,0.3934462778084009,-0.6649601116435961,-0.38145286775566634,0.7830409375119224
0,-383,62,0.4030534855641126,0.09095355123618143,0.747999778209393,0.5563899398772373
430,60,-385,0.7162996693579926,0.6769481215036761,-0.25079748770961086,0.01793583710873145
-280,-353,142,-0.6204789276241953,0.7326319564735557,-0.18021159056629354,0.23537773065004264
500,0,159,-0.816636763385872,0.48115403491307296,0.7261644250740968,0.6635170991613418
127,45,13,-0.6052360454438177,-0.5987893759746594,0.9118400179682076,0.3655035463784012
-498,185,-11,-0.45910807518038577,-0.8610789314972922,-0.4689835342271338,0.22390840735913434
35,130,193,0.7643688206826107,0.4263972844588666,-0.5938580571974972,0.9366305797773595
-161,32,-141,-0.9160950165767321,-0.0838083777464671,-0.9759697846345752,0.36364421272391595
134,-415,173,-0.3290602453618159,0.457628277294285,0.6313242264140562,0.9929635467193979
-395,-146,318,0.3340890483268464,0.6420980048519265,0.27893457095731855,0.8324254522913239
-391,368,-20,0.7727901750411279,-0.8083722284061272,0.7662435722311014,0.21904682880549112
48,-465,-355,-0.14978883469096727,-0.7612210195844189,0.6794690680876134,0.14249339758950366
215,-403,-175,-0.02711348830057725,0.0014878572287777558,-0.3862361838097279,0.9513075855308851
-142,60,-55,-0.8810904053551831,-0.32039556464124574,-0.4490027829276655,0.7816470830107335
315,91,182,0.11953377965272893,-0.12484910089800683,-0.16018023716141716,0.8117468603071875
128,227,24,-0.18997087010767078,-0.7152492440317941,-0.5918932596408817,0.8898703035203364
86,-479,-242,0.8249454731145629,-0.2894719695799153,-0.1411917320939433,0.6489166756408399
-431,478,389,0.12703494634904922,-0.368577577813024,0.5215622353096607,0.5086008922434267
-461,-116,-354,-0.5311247104609995,0.1920522775265847,0.2723575838153731,0.7592889597343786
253,7,-215,0.8763764329455146,0.4695977906699158,-0.5183373493901953,0.8583170227453972
-66,238,380,0.630332346098144,0.47749703081143124,0.24850310402524456,0.2981438244616575
-43,104,287,0.0001913415589085421,0.5787281091495322,-0.6884646962113745,0.7710118533079473
365,-102,436,-0.9398796114400787,0.6398730461280342,0.06092264334409747,0.18360163167056376
361,174,-415,0.5181741758118212,-0.540408513958921,-0.9694055941457895,0.19735828394120453
343,161,499,-0.40078052429251176,-0.3345241689730145,-0.2871619603075235,0.11057807016963248
322,331,-180,-0.9515140162999578,0.5980951938855126,0.25209407835022857,0.6699339553016334
-134,338,129,-0.43189981007264766,0.9360533601611929,0.6321879956325467,0.9001428268916007
292,-33,-86,-0.1759610585116742,0.2448411307546543,-0.0473121960836993,0.2694569403201225
-161,460,188,0.5316010744048827,-0.49448742478081553,-0.7196834687148401,0.8059970001221601
-77,471,-363,-0.7175477311577827,0.5616463839778634,-0.3202565574739278,0.6955106282432275
376,92,14,-0.19409480430708714,-0.9137956423832545,-0.14760516038272375,0.16220937430714116
230,-477,-206,0.5148483923147147,0.34935150091248524,-0.07538501632069394,0.0983782978926367
-338,-158,-264,0.8622804036446388,0.020387012236226187,0.1791623887559477,0.06166451675088658
443,276,-393,-0.47981481012228366,-0.22369120686695143,-0.845547023146473,0.8765359469713462
-159,-198,108,0.76851416526277,0.21015910724414377,-0.03531582886490803,0.7181901032011951
-207,319,357,-0.7664889220563766,0.6297797529094105,0.1498271577742849,0.7234740717316818
483,55,-105,-0.7573943891775923,0.2680956253912907,-0.558396155299377,0.9200972283118999
170,-34,-418,0.21947254101923486,0.8773735244796339,-0.6586924318477307,0.40519625190281333
-232,24,36,-0.5748115843878907,-0.2106279480543718,0.21077549416236163,0.7180247926437375
44,456,-67,-0.7158620975140255,-0.05171532120094868,-0.0864811518442985,0.6232626988199997
283,-235,-219,-0.10932809455164572,0.44085201284324294,-0.7314067464061813,0.18968197785302465
482,400,-204,-0.6977594377390122,-0.2554115344104628,0.914489598282024,0.721676178554112
-177,-86,-405,-0.3825191028406105,-0.2672868770728094,0.9674269793228385,0.8229888215127015
391,91,217,0.7656153601353581,-0.9346464286337968,-0.33024304446259367,0.9732331315714323
-163,-201,-170,0.0434130561996835,-0.7796950350218135,0.4051074810588664,0.6531196182654038
366,-246,-12,0.21512808306431475,0.3775340417303119,-0.7632022804781167,0.09801257585261776
-90,376,330,-0.05537843195414016,0.8734700811887524,0.4400801532986893,0.6408938832714014
-10,-169,18,-0.4766496348373932,0.4682521673614022,0.3255915681014685,0.9859992106088066
69,-190,-384,0.6511396732030166,-0.39707193492826565,0.7548521554584089,0.5799996559052417
-47,28,-351,-0.6464486429918876,0.4770284990363107,-0.11050711797107127,0.6581107282272172
430,312,257,-0.117387942171719,0.7840167369507898,0.28324257787777984,0.7487907351876198
-197,-49,85,-0.07184342897512419,0.5668424152395801,0.03354480116006231,0.7537430365050977
-150,-324,10,0.31947188929941617,-0.8345026912265625,0.7813116166838352,0.3445236509838745
343,133,439,-0.042322181738296605,0.1301108306946006,-0.2843911975222353,0.276487217275461
336,-212,-86,0.8563576247671716,-0.3586983446602485,0.7426363989738138,0.584908821551857
272,76,427,0.20890750631790755,-0.6464267909143433,0.7528671392160737,0.5394976311635411
-474,-272,203,-0.2529300735391009,0.7565749809068372,0.03792219661011753,0.15959124104415032
80,242,-418,-0.13645771969299592,-0.7802697006549937,0.9688451704696279,0.030642391833126975
-121,376,440,0.08279730109293637,0.7095532450959106,0.2256059958633696,0.9806833843456881
-64,-116,290,-0.06010868591257257,-0.716572694679871,-0.2671990007850773,0.18616388271039347
447,198,219,0.15762166813506528,0.6731510035262025,0.5463868819123681,0.6856819431815606
457,412,-487,-0.3257797754879026,0.7703941510711032,-0.6808307466086456,0.8660549472072269
-438,-387,-290,0.033429729845037226,-0.04443762101786941,-0.164810845877837,0.3264906284677401
-407,458,-235,-0.6877961307651943,-0.10286200151868297,0.0594394597504182,0.452622134199344
434,-247,-396,0.516582368028285,0.4558816307856415,-0.9509808256376437,0.6441816812575392
-272,-169,32,-0.9310527015386676,0.7958684400349803,-0.023048104241911727,0.0685462206516238
-114,-339,-176,0.15377423747694863,-0.059448379853024536,-0.8843847938439677,0.6798669247979066
-206,206,-251,-0.8223698455889097,-0.56594288696569,0.30981448656092647,0.527644915831278
-115,-307,-376,-0.004685399057149153,-0.738352131614735,0.6945167614789447,0.42562570178584636
306,425,-198,0.6618547497067748,0.7418716825938045,0.2589862037123225,0.33228684462224917
420,323,50,-0.10846320907629026,0.9794416200506566,0.4267205747893168,0.1712209102975754
-443,206,136,0.5729178927263439,-0.25637896020926476,0.21192450771482618,0.921946276728786
-43,-30,301,-0.972971121431828,-0.5538357267331293,0.30539502432031873,0.19955083284097935
14,-261,-164,-0.6625644692841366,0.6007805162968225,0.7852545940540165,0.5037283620417121
196,-35,-263,0.9837721707539253,-0.5795426206061929,0.4378186122654002,0.8749327393737031
-256,-14,-47,-0.5380127383880808,-0.8963673138096737,-0.587179842915325,0.18130934969961623
-284,348,-120,0.8316874187822312,-0.799192652892825,-0.31252148816055403,0.0820146997557161
-461,-283,-271,0.31371481309852833,0.14234035816352453,0.4952164160851893,0.8860089518376129
-145,445,401,-0.665687535516958,0.5265817018388796,0.31187739191354513,0.048745819403330885
128,-147,9,0.08493036807411558,-0.31197769956465726,-0.898876382189624,0.11813841705458777
-471,-172,266,0.029261020499320667,0.09859676346462987,-0.7947372254107723,0.06580102618758499
-40,-410,-477,0.9160302074211322,-0.5884058427958401,-0.9799346052412987,0.7305883475204844
-375,188,-93,0.7531350780379686,0.9909864651209861,0.4390165375588546,0.9578484039526185
108,431,-61,0.87711629986941,0.0615578121377105,0.4275017133161081,0.3893414809378219
328,26,68,-0.5270550754274801,0.11400351481705218,0.8537443806328295,0.9429754547737851
359,-350,148,-0.394300391680414,0.24014506511129086,-0.3337948238220745,0.8851973383596294
463,-158,-301,-0.14858593373037432,0.15824891049907142,-0.2847735524671975,0.09250379365975113
-190,-25,192,0.2621291999651074,-0.048868244951294715,0.33453859312434964,0.9503028937482045
-420,388,487,0.047585129699809325,0.28724375426373694,-0.6286422994086003,0.05528304796689017
73,65,-373,-0.8262854274169757,-0.7437376614226949,-0.45429843760513733,0.10082528801784363
476,-298,-223,-0.23213770248623256,0.47145517189293673,0.49521968200941746,0.11571689884491247
310,-158,-406,0.2647522329213905,-0.18738128792884212,-0.6784922012654611,0.27847288873694986
-53,-66,-366,0.4498494121424481,-0.1912528176945667,0.7530813154826426,0.7552099412324694
40,415,-215,0.7222509572047049,0.8900957437315271,-0.4613760084504466,0.507623746362455
120,490,397,0.23989942723435487,0.841192305626542,-0.5627868173268609,0.7283018939459248
82,-374,203,0.6792237111253641,-0.22101480867987244,0.277835864119766,0.2748402869286365
4,-483,-437,-0.8113085651486678,-0.017719126560127307,-0.3981024570269791,0.9756309419196573
-47,341,-292,-0.47165674535698443,-0.49039324792174743,0.4972571183428651,0.17850923625547474
-228,371,130,0.08459379500674857,0.8242647740850726,0.5960348795818451,0.6159093210416848
360,424,-240,-0.7274202713971334,-0.38896729311836054,-0.02741039557129943,0.1415812473323007
-91,-280,442,0.8724723025880907,0.8968559986484177,-0.26901049081078265,0.5903160441462898
-469,-8,250,-0.6971074509928075,0.032626068602827685,0.44823241084909227,0.17028143063194437
